x_value,y1_value,y2_value
0,100,100
1,103,104
2,103,108
3,104,107
4,99,112
5,103,114
6,108,119
7,111,116
8,111,117
9,112,112
10,110,112
11,106,109
12,106,112
13,101,111
14,101,116
15,100,120
16,101,118
17,102,116
18,102,111
19,106,112
20,110,112
21,108,117
22,113,113
23,108,113
24,104,111
25,103,112
26,100,115
27,95,110
28,99,113
29,98,115
30,101,116
31,104,118
32,103,123
33,105,126
34,103,123
35,102,120
36,99,124
37,95,121
38,90,120
39,93,117
40,92,116
41,87,119
42,87,120
43,84,124
44,79,123
45,74,128
46,76,128
47,71,132
48,74,133
49,77,138
50,80,137
51,85,139
52,81,136
53,77,140
54,79,138
55,83,138
56,83,142
57,78,144
58,81,148
59,78,150
60,75,149
61,80,144
62,81,141
63,80,141
64,83,138
65,79,141
66,83,141
67,86,138
68,84,140
69,86,142
70,88,141
71,88,136
72,86,134
73,90,131
74,94,135
75,93,137
76,92,142
77,94,137
78,89,133
79,90,129
80,90,131
81,91,130
82,90,125
83,89,122
84,84,118
85,89,117
86,85,120
87,82,118
88,82,121
89,85,118
90,87,114
91,92,119
92,96,118
93,94,119
94,93,119
95,89,118
96,93,118
97,98,122
98,102,125
99,98,127
100,95,125
101,94,120
102,93,117
103,91,121
104,87,124
105,86,119
106,87,122
107,83,118
108,83,114
109,80,116
110,82,119
111,81,119
112,77,118
113,77,113
114,76,110
115,79,115
116,84,113
117,88,118
118,91,122
119,94,117
120,92,122
121,94,125
122,98,127
123,99,131
124,102,130
125,103,132
126,103,128
127,103,123
128,101,119
129,98,122
130,102,127
131,103,122
132,98,124
133,101,123
134,102,119
135,101,123
136,97,122
137,96,122
138,99,122
139,98,123
140,96,119
141,95,119
142,98,122
143,102,119
144,97,121
145,99,126
146,100,127
147,105,128
148,107,129
149,111,127
150,106,123
151,103,123
152,102,119
153,101,119
154,102,115
155,104,115
156,105,118
157,105,120
158,104,120
159,101,118
160,106,121
161,107,123
162,109,123
163,105,125
164,104,121
165,105,123
166,105,122
167,104,122
168,105,119
169,105,124
170,104,124
171,100,128
172,101,124
173,99,121
174,96,117
175,98,113
176,93,114
177,97,110
178,96,108
179,92,108
180,95,110
181,98,113
182,98,109
183,102,110
184,107,106
185,105,110
186,110,106
187,113,108
188,114,110
189,109,112
190,105,109
191,110,109
192,114,114
193,119,114
194,122,117
195,119,112
196,120,111
197,120,114
198,121,116
199,118,112
200,120,116
201,117,113
202,116,117
203,117,112
204,113,109
205,116,106
206,121,102
207,116,103
208,116,106
209,120,102
210,119,100
211,120,105
212,115,107
213,120,105
214,123,101
215,120,101
216,121,98
217,119,103
218,124,99
219,121,98
220,117,99
221,120,98
222,124,98
223,129,93
224,124,92
225,128,88
226,123,89
227,128,87
228,133,88
229,137,89
230,138,90
231,133,85
232,137,84
233,138,82
234,138,86
235,137,84
236,138,87
237,133,87
238,128,82
239,132,80
240,130,80
241,132,80
242,132,82
243,133,79
244,130,76
245,130,73
246,131,73
247,127,68
248,123,66
249,118,61
250,120,62
251,118,63
252,117,61
253,115,58
254,113,54
255,111,50
256,112,52
257,112,47
258,116,46
259,112,48
260,115,45
261,110,47
262,112,49
263,110,46
264,113,48
265,115,46
266,112,44
267,108,40
268,111,44
269,112,45
270,116,43
271,117,47
272,114,47
273,116,44
274,120,48
275,125,52
276,123,51
277,123,52
278,123,56
279,118,54
280,123,54
281,119,55
282,117,51
283,114,46
284,113,45
285,112,40
286,111,40
287,115,44
288,118,45
289,121,50
290,126,52
291,123,54
292,125,49
293,125,50
294,128,52
295,130,48
296,130,46
297,133,50
298,136,54
299,134,51
300,135,53
301,140,48
302,136,51
303,140,49
304,138,49
305,141,48
306,142,52
307,139,52
308,134,52
309,138,50
310,140,47
311,136,43
312,131,44
313,136,45
314,131,45
315,126,47
316,126,48
317,129,51
318,131,46
319,134,48
320,136,51
321,131,56
322,129,53
323,127,52
324,124,55
325,125,57
326,123,62
327,126,64
328,126,65
329,126,69
330,125,72
331,122,73
332,121,70
333,117,73
334,120,70
335,125,75
336,130,70
337,125,74
338,121,72
339,123,76
340,125,79
341,125,82
342,121,80
343,121,80
344,126,83
345,126,78
346,122,82
347,127,77
348,130,80
349,135,78
350,132,78
351,137,76
352,133,73
353,135,72
354,132,77
355,137,76
356,141,79
357,144,78
358,148,73
359,152,71
360,152,73
361,153,69
362,148,65
363,144,67
364,149,67
365,150,70
366,152,67
367,149,70
368,148,73
369,150,68
370,149,72
371,151,75
372,147,79
373,152,74
374,151,74
375,146,75
376,144,77
377,146,72
378,150,75
379,152,75
380,147,73
381,150,75
382,154,70
383,156,68
384,157,67
385,161,68
386,165,63
387,167,58
388,171,62
389,168,61
390,172,56
391,177,57
392,177,57
393,176,59
394,171,59
395,171,62
396,169,59
397,165,57
398,161,57
399,161,62
400,158,58
401,163,58
402,168,53
403,172,58
404,171,54
405,175,49
406,172,53
407,173,56
408,175,52
409,177,48
410,176,43
411,174,46
412,172,47
413,177,47
414,180,43
415,183,41
416,186,37
417,183,36
418,184,32
419,189,30
420,185,28
421,183,24
422,188,28
423,189,28
424,188,26
425,185,23
426,180,19
427,175,15
428,172,16
429,173,12
430,175,7
431,177,10
432,172,11
433,175,7
434,170,5
435,165,4
436,164,-1
437,165,-4
438,160,-2
439,157,3
440,155,-2
441,157,2
442,157,2
443,162,-2
444,164,2
445,160,6
446,165,7
447,160,7
448,159,7
449,162,2
450,158,1
451,153,2
452,155,4
453,158,4
454,163,8
455,164,13
456,164,9
457,169,9
458,164,7
459,169,8
460,168,7
461,168,12
462,163,11
463,163,15
464,166,20
465,168,20
466,172,20
467,168,22
468,172,17
469,175,16
470,177,16
471,182,20
472,186,21
473,183,23
474,184,27
475,180,29
476,179,29
477,174,29
478,169,29
479,165,34
480,165,38
481,166,38
482,165,34
483,167,29
484,163,33
485,158,38
486,156,36
487,155,35
488,156,40
489,160,40
490,161,35
491,156,37
492,156,34
493,158,34
494,161,30
495,165,25
496,165,25
497,161,24
498,158,28
499,156,25
500,152,28
501,157,31
502,152,36
503,148,35
504,153,32
505,154,37
506,159,38
507,161,42
508,161,41
509,165,38
510,163,33
511,164,34
512,161,37
513,162,40
514,159,40
515,163,40
516,158,36
517,163,35
518,168,33
519,172,33
520,173,30
521,171,26
522,172,26
523,176,26
524,174,25
525,169,26
526,164,24
527,167,27
528,168,28
529,164,24
530,168,21
531,170,16
532,175,18
533,175,16
534,173,11
535,173,8
536,172,6
537,172,3
538,169,-1
539,168,2
540,173,6
541,176,8
542,175,5
543,174,0
544,175,3
545,171,2
546,170,6
547,170,2
548,165,5
549,161,2
550,160,2
551,159,-2
552,160,-3
553,160,-7
554,156,-10
555,159,-8
556,158,-13
557,153,-14
558,158,-13
559,160,-13
560,165,-14
561,164,-10
562,169,-15
563,173,-14
564,174,-19
565,176,-20
566,171,-21
567,169,-21
568,165,-25
569,166,-24
570,163,-29
571,160,-30
572,156,-31
573,151,-36
574,151,-36
575,150,-31
576,152,-27
577,150,-31
578,153,-33
579,151,-28
580,149,-27
581,151,-28
582,155,-27
583,156,-28
584,156,-33
585,157,-36
586,162,-40
587,167,-39
588,171,-41
589,172,-36
590,173,-31
591,176,-32
592,172,-36
593,176,-31
594,177,-35
595,173,-39
596,171,-36
597,176,-38
598,181,-34
599,179,-37
600,179,-33
601,178,-38
602,178,-41
603,176,-38
604,177,-37
605,175,-40
606,173,-44
607,178,-42
608,180,-41
609,180,-41
610,181,-44
611,186,-47
612,191,-45
613,186,-45
614,186,-42
615,182,-41
616,182,-42
617,177,-40
618,177,-43
619,175,-42
620,175,-43
621,171,-45
622,166,-44
623,164,-49
624,168,-47
625,166,-44
626,171,-44
627,174,-47
628,169,-52
629,174,-47
630,170,-48
631,172,-52
632,169,-56
633,168,-52
634,170,-50
635,172,-48
636,174,-47
637,173,-44
638,169,-44
639,170,-42
640,167,-42
641,172,-38
642,173,-38
643,169,-35
644,164,-37
645,162,-36
646,161,-37
647,163,-32
648,165,-31
649,160,-29
650,163,-28
651,162,-28
652,160,-30
653,159,-28
654,162,-33
655,166,-34
656,171,-39
657,172,-39
658,174,-34
659,171,-37
660,175,-39
661,176,-37
662,177,-39
663,175,-44
664,177,-39
665,180,-42
666,176,-47
667,178,-50
668,177,-52
669,181,-52
670,180,-49
671,181,-44
672,176,-40
673,176,-39
674,175,-35
675,172,-40
676,174,-43
677,172,-43
678,173,-38
679,171,-39
680,169,-43
681,164,-47
682,165,-51
683,163,-50
684,167,-55
685,168,-57
686,167,-55
687,168,-54
688,164,-57
689,162,-58
690,157,-58
691,156,-62
692,154,-65
693,153,-60
694,150,-55
695,148,-53
696,151,-50
697,146,-54
698,141,-56
699,139,-58
700,142,-56
701,142,-58
702,142,-54
703,139,-57
704,134,-59
705,139,-56
706,134,-53
707,131,-55
708,135,-59
709,138,-58
710,138,-53
711,142,-54
712,146,-58
713,150,-55
714,149,-51
715,154,-53
716,159,-53
717,155,-50
718,150,-52
719,146,-55
720,148,-60
721,145,-65
722,142,-62
723,146,-67
724,149,-67
725,153,-62
726,152,-63
727,149,-64
728,152,-68
729,156,-71
730,157,-71
731,161,-68
732,162,-72
733,159,-69
734,156,-71
735,160,-68
736,163,-65
737,159,-67
738,160,-66
739,158,-68
740,159,-71
741,157,-70
742,156,-69
743,156,-64
744,153,-68
745,148,-67
746,143,-66
747,148,-70
748,144,-65
749,146,-62
750,151,-60
751,155,-59
752,157,-55
753,152,-50
754,151,-46
755,153,-51
756,154,-51
757,153,-46
758,153,-49
759,150,-50
760,147,-55
761,147,-59
762,147,-54
763,150,-57
764,147,-59
765,144,-58
766,142,-53
767,141,-48
768,142,-49
769,137,-51
770,133,-47
771,135,-43
772,140,-38
773,139,-38
774,142,-42
775,137,-37
776,142,-36
777,147,-33
778,148,-36
779,143,-36
780,145,-39
781,144,-36
782,144,-41
783,147,-45
784,151,-41
785,154,-39
786,152,-43
787,148,-39
788,144,-44
789,142,-49
790,139,-47
791,134,-48
792,137,-44
793,141,-42
794,138,-45
795,139,-44
796,134,-49
797,138,-46
798,135,-42
799,139,-38
800,141,-41
801,138,-46
802,138,-41
803,136,-40
804,136,-36
805,135,-38
806,133,-40
807,135,-39
808,136,-37
809,141,-36
810,141,-33
811,146,-32
812,149,-28
813,151,-24
814,151,-21
815,154,-19
816,150,-23
817,151,-27
818,147,-29
819,149,-25
820,145,-26
821,144,-25
822,144,-27
823,144,-25
824,142,-21
825,144,-23
826,147,-18
827,148,-18
828,153,-21
829,156,-22
830,152,-21
831,147,-25
832,146,-28
833,148,-33
834,146,-30
835,150,-35
836,154,-31
837,159,-36
838,156,-33
839,154,-34
840,156,-32
841,158,-31
842,156,-29
843,161,-32
844,161,-33
845,160,-38
846,162,-41
847,157,-43
848,153,-47
849,158,-44
850,153,-39
851,158,-43
852,156,-48
853,153,-51
854,153,-50
855,154,-55
856,153,-58
857,151,-62
858,146,-61
859,143,-64
860,146,-67
861,147,-70
862,149,-68
863,150,-64
864,145,-66
865,141,-68
866,138,-63
867,133,-63
868,131,-59
869,133,-61
870,136,-60
871,141,-61
872,146,-59
873,150,-62
874,154,-58
875,152,-58
876,155,-60
877,153,-60
878,154,-55
879,154,-56
880,159,-61
881,157,-59
882,154,-54
883,149,-55
884,150,-53
885,148,-50
886,145,-47
887,145,-50
888,148,-52
889,145,-53
890,143,-52
891,145,-47
892,140,-44
893,141,-48
894,141,-47
895,141,-43
896,145,-40
897,149,-38
898,148,-43
899,146,-39
900,141,-36
901,138,-37
902,140,-40
903,137,-40
904,136,-35
905,135,-34
906,134,-36
907,130,-36
908,127,-37
909,128,-34
910,124,-36
911,122,-32
912,127,-30
913,129,-35
914,128,-30
915,125,-34
916,130,-35
917,125,-32
918,124,-33
919,128,-29
920,130,-25
921,125,-28
922,129,-25
923,131,-29
924,136,-32
925,136,-33
926,135,-38
927,140,-39
928,138,-44
929,134,-39
930,132,-41
931,134,-43
932,135,-42
933,136,-41
934,140,-41
935,138,-38
936,141,-40
937,142,-39
938,138,-34
939,143,-30
940,146,-31
941,147,-27
942,144,-23
943,146,-28
944,147,-30
945,142,-31
946,143,-35
947,147,-40
948,144,-35
949,144,-36
950,145,-36
951,141,-31
952,145,-29
953,143,-33
954,144,-34
955,139,-32
956,139,-29
957,137,-27
958,132,-25
959,134,-26
960,131,-26
961,132,-29
962,128,-32
963,131,-35
964,134,-35
965,130,-32
966,133,-36
967,136,-36
968,134,-34
969,131,-33
970,135,-30
971,132,-25
972,132,-26
973,137,-30
974,132,-27
975,128,-22
976,126,-20
977,125,-16
978,124,-19
979,129,-24
980,125,-22
981,123,-24
982,119,-28
983,118,-25
984,119,-20
985,122,-21
986,119,-17
987,118,-15
988,121,-20
989,122,-25
990,124,-24
991,129,-20
992,128,-16
993,124,-12
994,127,-10
995,122,-13
996,127,-16
997,125,-18
998,130,-21
999,133,-26
1000,136,-27
1001,135,-23
1002,136,-21
1003,136,-17
1004,140,-12
1005,140,-11
1006,138,-7
1007,138,-8
1008,138,-8
1009,142,-9
1010,145,-12
1011,142,-14
1012,140,-18
1013,139,-22
1014,138,-21
1015,139,-20
1016,144,-21
1017,140,-18
1018,136,-14
1019,135,-9
1020,133,-7
1021,134,-12
1022,136,-12
1023,140,-14
1024,144,-9
1025,139,-12
1026,138,-12
1027,133,-10
1028,137,-6
1029,141,-10
1030,137,-10
1031,136,-5
1032,132,-5
1033,130,-6
1034,133,-5
1035,134,-2
1036,135,-3
1037,139,2
1038,143,-1
1039,138,-3
1040,136,1
1041,137,3
1042,140,-2
1043,139,-6
1044,139,-11
1045,134,-9
1046,134,-13
1047,135,-12
1048,134,-16
1049,132,-21
1050,130,-26
1051,128,-26
1052,128,-30
1053,133,-25
1054,134,-27
1055,133,-31
1056,137,-35
1057,138,-30
1058,142,-25
1059,142,-28
1060,147,-24
1061,152,-25
1062,153,-20
1063,150,-21
1064,152,-23
1065,147,-24
1066,143,-25
1067,141,-22
1068,145,-23
1069,141,-19
1070,145,-19
1071,144,-14
1072,144,-19
1073,149,-23
1074,145,-23
1075,142,-18
1076,144,-21
1077,148,-22
1078,148,-19
1079,153,-18
1080,151,-18
1081,156,-15
1082,155,-16
1083,151,-11
1084,151,-11
1085,153,-11
1086,157,-6
1087,159,-8
1088,158,-7
1089,158,-10
1090,156,-8
1091,157,-6
1092,154,-3
1093,150,-3
1094,154,-7
1095,152,-9
1096,151,-11
1097,153,-14
1098,153,-19
1099,157,-14
1100,154,-16
1101,155,-17
1102,154,-19
1103,159,-20
1104,164,-25
1105,165,-29
1106,169,-26
1107,171,-30
1108,176,-31
1109,181,-34
1110,186,-37
1111,187,-32
1112,182,-35
1113,186,-33
1114,185,-37
1115,184,-34
1116,184,-38
1117,189,-36
1118,184,-32
1119,183,-33
1120,182,-28
1121,180,-24
1122,185,-21
1123,187,-22
1124,182,-24
1125,178,-28
1126,179,-30
1127,175,-31
1128,173,-26
1129,173,-23
1130,177,-27
1131,182,-31
1132,177,-33
1133,177,-34
1134,178,-33
1135,175,-34
1136,177,-35
1137,178,-37
1138,179,-36
1139,176,-38
1140,174,-43
1141,177,-42
1142,180,-43
1143,183,-41
1144,182,-37
1145,183,-39
1146,181,-34
1147,176,-30
1148,173,-34
1149,174,-38
1150,176,-40
1151,171,-36
1152,166,-34
1153,167,-38
1154,165,-35
1155,165,-32
1156,160,-37
1157,164,-37
1158,168,-39
1159,172,-38
1160,172,-34
1161,169,-39
1162,170,-37
1163,167,-32
1164,163,-33
1165,158,-34
1166,158,-31
1167,154,-35
1168,156,-38
1169,154,-33
1170,149,-32
1171,152,-30
1172,156,-32
1173,152,-36
1174,152,-40
1175,155,-37
1176,155,-40
1177,155,-43
1178,150,-40
1179,146,-43
1180,141,-39
1181,138,-43
1182,142,-43
1183,141,-41
1184,142,-36
1185,146,-40
1186,148,-45
1187,147,-45
1188,143,-50
1189,146,-53
1190,145,-51
1191,146,-47
1192,144,-43
1193,143,-45
1194,146,-50
1195,146,-47
1196,144,-46
1197,145,-41
1198,142,-37
1199,140,-35
1200,143,-35
1201,145,-37
1202,149,-32
1203,151,-33
1204,151,-33
1205,148,-35
1206,151,-35
1207,155,-39
1208,156,-37
1209,161,-35
1210,156,-33
1211,159,-38
1212,159,-42
1213,160,-46
1214,165,-51
1215,164,-47
1216,169,-51
1217,173,-52
1218,173,-50
1219,177,-45
1220,180,-44
1221,176,-42
1222,178,-37
1223,181,-35
1224,181,-32
1225,186,-37
1226,190,-39
1227,189,-43
1228,186,-47
1229,187,-47
1230,187,-43
1231,190,-44
1232,193,-48
1233,197,-53
1234,194,-51
1235,199,-55
1236,204,-51
1237,209,-53
1238,209,-54
1239,212,-53
1240,207,-48
1241,206,-53
1242,211,-58
1243,206,-57
1244,210,-53
1245,215,-50
1246,219,-54
1247,214,-51
1248,218,-48
1249,222,-51
1250,226,-46
1251,231,-49
1252,229,-54
1253,231,-58
1254,227,-56
1255,229,-56
1256,231,-55
1257,228,-58
1258,224,-63
1259,227,-63
1260,229,-61
1261,233,-66
1262,236,-66
1263,233,-70
1264,236,-72
1265,237,-72
1266,235,-75
1267,233,-80
1268,231,-83
1269,229,-87
1270,230,-90
1271,226,-94
1272,229,-98
1273,232,-101
1274,227,-102
1275,232,-107
1276,229,-109
1277,226,-107
1278,228,-108
1279,232,-104
1280,228,-100
1281,227,-101
1282,227,-106
1283,223,-102
1284,221,-107
1285,220,-112
1286,225,-109
1287,230,-113
1288,233,-108
1289,234,-108
1290,234,-104
1291,231,-103
1292,227,-100
1293,231,-97
1294,228,-102
1295,226,-103
1296,227,-98
1297,226,-93
1298,223,-98
1299,224,-102
1300,224,-103
1301,226,-100
1302,222,-104
1303,226,-100
1304,222,-100
1305,223,-96
1306,221,-100
1307,216,-105
1308,212,-101
1309,215,-99
1310,218,-104
1311,217,-109
1312,218,-113
1313,217,-112
1314,214,-114
1315,212,-115
1316,210,-112
1317,214,-108
1318,214,-105
1319,215,-101
1320,212,-103
1321,210,-102
1322,211,-100
1323,212,-99
1324,215,-100
1325,217,-100
1326,215,-101
1327,215,-104
1328,218,-101
1329,219,-100
1330,221,-105
1331,216,-105
1332,221,-110
1333,223,-114
1334,221,-111
1335,217,-107
1336,212,-105
1337,208,-102
1338,206,-97
1339,201,-97
1340,205,-95
1341,204,-92
1342,208,-97
1343,213,-102
1344,211,-106
1345,210,-110
1346,208,-110
1347,212,-109
1348,211,-111
1349,208,-111
1350,208,-109
1351,213,-114
1352,218,-113
1353,213,-109
1354,209,-105
1355,210,-109
1356,214,-107
1357,216,-102
1358,219,-98
1359,217,-100
1360,218,-104
1361,219,-101
1362,214,-99
1363,212,-100
1364,213,-95
1365,212,-100
1366,208,-101
1367,208,-106
1368,204,-104
1369,204,-108
1370,203,-106
1371,202,-111
1372,199,-112
1373,194,-114
1374,196,-115
1375,199,-116
1376,194,-119
1377,198,-122
1378,200,-120
1379,195,-116
1380,193,-116
1381,192,-118
1382,195,-113
1383,190,-117
1384,193,-116
1385,196,-113
1386,201,-114
1387,203,-110
1388,207,-105
1389,211,-104
1390,214,-99
1391,216,-98
1392,217,-96
1393,215,-101
1394,219,-104
1395,214,-100
1396,215,-95
1397,214,-96
1398,218,-99
1399,216,-95
1400,213,-98
1401,209,-103
1402,207,-101
1403,207,-103
1404,211,-98
1405,215,-96
1406,215,-98
1407,216,-99
1408,215,-99
1409,215,-94
1410,213,-90
1411,218,-91
1412,213,-89
1413,217,-89
1414,214,-94
1415,212,-95
1416,213,-98
1417,213,-103
1418,213,-100
1419,212,-96
1420,210,-100
1421,209,-103
1422,214,-106
1423,214,-102
1424,217,-99
1425,212,-101
1426,207,-105
1427,210,-107
1428,213,-108
1429,208,-108
1430,207,-109
1431,209,-104
1432,208,-106
1433,209,-111
1434,213,-114
1435,209,-112
1436,206,-107
1437,209,-108
1438,213,-108
1439,211,-104
1440,215,-103
1441,218,-108
1442,214,-109
1443,213,-104
1444,210,-104
1445,211,-108
1446,214,-107
1447,209,-104
1448,209,-102
1449,213,-97
1450,214,-96
1451,213,-100
1452,217,-97
1453,214,-102
1454,210,-103
1455,213,-104
1456,210,-109
1457,212,-107
1458,211,-111
1459,215,-111
1460,217,-113
1461,214,-113
1462,209,-117
1463,209,-119
1464,214,-116
1465,210,-113
1466,214,-113
1467,215,-118
1468,214,-117
1469,214,-112
1470,219,-117
1471,216,-121
1472,216,-119
1473,214,-121
1474,211,-123
1475,207,-121
1476,208,-119
1477,212,-120
1478,209,-116
1479,212,-113
1480,209,-117
1481,214,-119
1482,211,-117
1483,216,-118
1484,213,-113
1485,213,-117
1486,212,-121
1487,217,-116
1488,212,-114
1489,213,-110
1490,211,-109
1491,208,-111
1492,207,-110
1493,209,-106
1494,214,-105
1495,211,-105
1496,207,-109
1497,204,-111
1498,200,-112
1499,200,-110
1500,205,-106
1501,209,-105
1502,211,-108
1503,206,-112
1504,204,-114
1505,199,-119
1506,196,-114
1507,201,-115
1508,197,-114
1509,193,-119
1510,198,-124
1511,193,-120
1512,193,-120
1513,191,-116
1514,188,-118
1515,192,-118
1516,196,-117
1517,191,-122
1518,195,-121
1519,191,-126
1520,194,-128
1521,197,-126
1522,193,-127
1523,196,-130
1524,199,-135
1525,200,-140
1526,200,-136
1527,202,-141
1528,205,-140
1529,206,-143
1530,208,-138
1531,208,-143
1532,208,-143
1533,207,-148
1534,212,-145
1535,208,-148
1536,212,-151
1537,211,-148
1538,209,-148
1539,205,-144
1540,206,-145
1541,204,-149
1542,203,-152
1543,198,-151
1544,199,-153
1545,200,-151
1546,203,-155
1547,205,-152
1548,210,-157
1549,206,-160
1550,209,-163
1551,205,-160
1552,204,-156
1553,203,-161
1554,199,-163
1555,198,-164
1556,196,-168
1557,201,-171
1558,199,-166
1559,198,-162
1560,203,-157
1561,200,-158
1562,199,-160
1563,195,-155
1564,193,-151
1565,198,-154
1566,196,-158
1567,195,-160
1568,199,-157
1569,194,-153
1570,191,-158
1571,191,-159
1572,194,-162
1573,198,-162
1574,198,-164
1575,201,-163
1576,199,-158
1577,194,-156
1578,189,-157
1579,192,-158
1580,197,-158
1581,200,-156
1582,200,-156
1583,203,-154
1584,205,-154
1585,200,-150
1586,199,-147
1587,195,-150
1588,199,-152
1589,199,-148
1590,195,-151
1591,199,-149
1592,202,-149
1593,207,-150
1594,206,-150
1595,204,-154
1596,207,-157
1597,208,-157
1598,212,-153
1599,212,-148
1600,209,-145
1601,204,-144
1602,206,-147
1603,202,-150
1604,199,-149
1605,198,-144
1606,199,-146
1607,194,-147
1608,195,-146
1609,197,-148
1610,202,-151
1611,205,-153
1612,202,-156
1613,205,-160
1614,203,-162
1615,205,-160
1616,210,-157
1617,212,-162
1618,211,-164
1619,210,-159
1620,214,-158
1621,214,-154
1622,209,-159
1623,214,-161
1624,216,-162
1625,215,-163
1626,215,-162
1627,217,-163
1628,217,-168
1629,222,-165
1630,219,-162
1631,219,-160
1632,221,-158
1633,226,-159
1634,226,-161
1635,226,-161
1636,229,-163
1637,233,-158
1638,228,-156
1639,225,-158
1640,226,-154
1641,229,-151
1642,234,-149
1643,237,-154
1644,236,-153
1645,234,-152
1646,239,-152
1647,241,-150
1648,245,-153
1649,248,-157
1650,250,-159
1651,247,-154
1652,249,-156
1653,245,-153
1654,250,-157
1655,249,-161
1656,250,-164
1657,248,-159
1658,248,-156
1659,245,-157
1660,246,-153
1661,244,-156
1662,239,-155
1663,243,-151
1664,248,-152
1665,251,-153
1666,247,-148
1667,249,-153
1668,250,-156
1669,248,-156
1670,245,-159
1671,246,-161
1672,243,-156
1673,239,-154
1674,243,-154
1675,242,-152
1676,246,-153
1677,251,-158
1678,251,-162
1679,250,-160
1680,255,-156
1681,252,-151
1682,255,-152
1683,250,-150
1684,250,-147
1685,250,-144
1686,251,-148
1687,251,-144
1688,246,-147
1689,248,-151
1690,251,-152
1691,247,-156
1692,247,-158
1693,249,-154
1694,252,-157
1695,254,-158
1696,249,-161
1697,246,-165
1698,242,-161
1699,246,-163
1700,247,-167
1701,242,-164
1702,237,-168
1703,235,-168
1704,230,-173
1705,226,-168
1706,226,-168
1707,224,-166
1708,227,-170
1709,222,-173
1710,227,-176
1711,230,-177
1712,226,-181
1713,225,-186
1714,230,-182
1715,228,-185
1716,231,-185
1717,230,-187
1718,230,-189
1719,229,-194
1720,233,-190
1721,237,-185
1722,241,-185
1723,240,-183
1724,243,-178
1725,241,-178
1726,236,-176
1727,238,-177
1728,238,-177
1729,242,-182
1730,246,-180
1731,248,-184
1732,250,-188
1733,248,-184
1734,251,-187
1735,247,-186
1736,249,-187
1737,252,-191
1738,256,-194
1739,256,-194
1740,253,-189
1741,248,-187
1742,244,-191
1743,240,-194
1744,236,-198
1745,231,-199
1746,228,-194
1747,225,-198
1748,222,-201
1749,220,-198
1750,220,-203
1751,215,-208
1752,219,-206
1753,217,-206
1754,212,-202
1755,212,-207
1756,211,-206
1757,208,-207
1758,206,-204
1759,211,-203
1760,211,-199
1761,213,-194
1762,208,-197
1763,207,-202
1764,207,-204
1765,205,-199
1766,208,-202
1767,213,-206
1768,213,-205
1769,213,-204
1770,209,-199
1771,213,-196
1772,217,-199
1773,213,-196
1774,217,-200
1775,219,-197
1776,222,-198
1777,219,-195
1778,214,-191
1779,213,-196
1780,217,-192
1781,216,-190
1782,217,-186
1783,218,-185
1784,218,-185
1785,214,-186
1786,212,-190
1787,207,-194
1788,210,-197
1789,208,-195
1790,209,-196
1791,211,-195
1792,207,-193
1793,208,-193
1794,204,-188
1795,203,-183
1796,201,-179
1797,204,-177
1798,202,-178
1799,203,-176
1800,200,-173
1801,195,-178
1802,198,-180
1803,201,-178
1804,205,-182
1805,210,-184
1806,214,-188
1807,211,-187
1808,207,-191
1809,210,-191
1810,213,-191
1811,211,-192
1812,211,-188
1813,215,-183
1814,210,-184
1815,212,-186
1816,213,-189
1817,216,-186
1818,218,-189
1819,215,-190
1820,215,-185
1821,211,-189
1822,208,-194
1823,208,-198
1824,206,-203
1825,207,-200
1826,211,-205
1827,211,-208
1828,213,-204
1829,216,-209
1830,220,-208
1831,222,-209
1832,225,-210
1833,224,-209
1834,221,-212
1835,221,-209
1836,225,-205
1837,222,-203
1838,224,-203
1839,226,-203
1840,222,-204
1841,220,-201
1842,218,-197
1843,215,-192
1844,219,-197
1845,223,-193
1846,221,-196
1847,221,-193
1848,222,-196
1849,221,-191
1850,225,-190
1851,229,-189
1852,234,-193
1853,233,-189
1854,237,-185
1855,235,-189
1856,236,-191
1857,232,-186
1858,231,-185
1859,232,-184
1860,232,-182
1861,237,-187
1862,233,-182
1863,232,-179
1864,231,-175
1865,230,-171
1866,231,-168
1867,231,-166
1868,226,-161
1869,223,-162
1870,226,-163
1871,230,-158
1872,229,-155
1873,224,-155
1874,229,-156
1875,229,-158
1876,227,-154
1877,225,-151
1878,225,-146
1879,224,-150
1880,220,-154
1881,215,-155
1882,210,-159
1883,215,-161
1884,215,-163
1885,213,-163
1886,217,-162
1887,220,-157
1888,217,-161
1889,217,-166
1890,220,-162
1891,220,-166
1892,225,-169
1893,225,-169
1894,220,-174
1895,224,-175
1896,222,-177
1897,225,-178
1898,223,-179
1899,220,-182
1900,222,-185
1901,221,-182
1902,226,-179
1903,228,-184
1904,229,-180
1905,232,-185
1906,234,-189
1907,237,-194
1908,232,-199
1909,229,-195
1910,234,-193
1911,229,-194
1912,224,-194
1913,224,-192
1914,220,-191
1915,217,-187
1916,216,-188
1917,217,-193
1918,215,-196
1919,217,-192
1920,217,-189
1921,220,-185
1922,220,-187
1923,216,-192
1924,219,-194
1925,224,-198
1926,229,-198
1927,229,-203
1928,234,-208
1929,231,-205
1930,226,-204
1931,226,-202
1932,228,-207
1933,227,-202
1934,223,-197
1935,224,-194
1936,225,-196
1937,227,-194
1938,229,-189
1939,227,-192
1940,222,-188
1941,224,-191
1942,229,-188
1943,231,-184
1944,233,-185
1945,232,-189
1946,236,-189
1947,235,-185
1948,238,-180
1949,239,-184
1950,238,-184
1951,237,-182
1952,233,-177
1953,231,-180
1954,236,-179
1955,240,-176
1956,244,-171
1957,245,-168
1958,250,-164
1959,250,-166
1960,254,-167
1961,253,-171
1962,257,-171
1963,256,-175
1964,260,-175
1965,256,-170
1966,259,-166
1967,263,-167
1968,264,-162
1969,259,-162
1970,264,-164
1971,264,-163
1972,261,-160
1973,265,-162
1974,261,-162
1975,264,-159
1976,262,-161
1977,265,-165
1978,265,-167
1979,267,-171
1980,264,-167
1981,266,-166
1982,265,-169
1983,269,-166
1984,270,-163
1985,270,-165
1986,273,-167
1987,272,-172
1988,269,-176
1989,266,-180
1990,270,-177
1991,271,-176
1992,271,-177
1993,268,-173
1994,272,-173
1995,274,-168
1996,277,-171
1997,276,-174
1998,277,-170
1999,279,-173
2000,276,-173
2001,275,-175
2002,278,-176
2003,273,-173
2004,273,-174
2005,277,-171
2006,278,-173
2007,279,-169
2008,274,-172
2009,275,-175
2010,276,-177
2011,273,-176
2012,277,-181
2013,274,-176
2014,273,-171
2015,277,-166
2016,281,-164
2017,285,-169
2018,286,-168
2019,283,-163
2020,286,-167
2021,287,-165
2022,288,-170
2023,283,-173
2024,285,-169
2025,289,-168
2026,291,-165
2027,289,-165
2028,288,-162
2029,284,-157
2030,280,-157
2031,284,-159
2032,279,-160
2033,280,-165
2034,280,-162
2035,283,-158
2036,285,-156
2037,281,-157
2038,278,-158
2039,275,-155
2040,272,-151
2041,273,-148
2042,277,-143
2043,282,-147
2044,277,-143
2045,275,-148
2046,279,-144
2047,284,-149
2048,280,-154
2049,281,-153
2050,277,-149
2051,273,-154
2052,274,-149
2053,269,-148
2054,264,-150
2055,268,-154
2056,265,-152
2057,261,-156
2058,262,-154
2059,257,-155
2060,252,-155
2061,253,-150
2062,253,-149
2063,254,-151
2064,250,-153
2065,250,-157
2066,249,-159
2067,250,-157
2068,251,-156
2069,250,-158
2070,245,-161
2071,249,-159
2072,244,-164
2073,249,-166
2074,244,-170
2075,243,-166
2076,244,-168
2077,246,-165
2078,249,-170
2079,253,-175
2080,251,-178
2081,254,-177
2082,251,-179
2083,255,-179
2084,256,-181
2085,251,-185
2086,246,-189
2087,248,-191
2088,249,-187
2089,252,-183
2090,257,-180
2091,257,-178
2092,261,-175
2093,262,-171
2094,264,-166
2095,265,-171
2096,266,-173
2097,267,-175
2098,272,-178
2099,268,-175
2100,271,-176
2101,274,-180
2102,279,-180
2103,276,-179
2104,272,-179
2105,269,-175
2106,274,-172
2107,273,-168
2108,277,-173
2109,280,-168
2110,277,-169
2111,276,-168
2112,273,-173
2113,275,-172
2114,279,-168
2115,284,-168
2116,281,-168
2117,280,-164
2118,283,-164
2119,281,-160
2120,276,-161
2121,280,-159
2122,280,-160
2123,282,-156
2124,277,-151
2125,273,-154
2126,269,-159
2127,272,-161
2128,267,-158
2129,263,-154
2130,263,-154
2131,258,-157
2132,261,-156
2133,262,-151
2134,266,-155
2135,265,-152
2136,260,-153
2137,263,-153
2138,260,-153
2139,260,-150
2140,258,-147
2141,263,-144
2142,263,-147
2143,259,-146
2144,262,-151
2145,260,-150
2146,259,-154
2147,254,-150
2148,259,-153
2149,256,-150
2150,260,-145
2151,255,-143
2152,253,-143
2153,248,-138
2154,251,-137
2155,253,-134
2156,253,-129
2157,252,-131
2158,256,-131
2159,259,-128
2160,262,-128
2161,261,-129
2162,266,-128
2163,270,-130
2164,275,-129
2165,276,-129
2166,276,-128
2167,271,-130
2168,270,-135
2169,266,-133
2170,261,-133
2171,256,-136
2172,252,-137
2173,250,-135
2174,253,-130
2175,258,-128
2176,259,-133
2177,257,-129
2178,254,-131
2179,253,-127
2180,249,-122
2181,246,-123
2182,246,-121
2183,251,-118
2184,252,-118
2185,255,-118
2186,257,-117
2187,255,-120
2188,250,-115
2189,249,-110
2190,251,-106
2191,248,-102
2192,253,-102
2193,248,-102
2194,246,-103
2195,250,-101
2196,248,-105
2197,252,-107
2198,247,-105
2199,249,-105
2200,245,-104
2201,250,-108
2202,252,-108
2203,255,-111
2204,255,-111
2205,253,-108
2206,251,-109
2207,246,-104
2208,241,-101
2209,243,-100
2210,242,-95
2211,247,-94
2212,252,-98
2213,257,-99
2214,257,-101
2215,253,-105
2216,250,-103
2217,246,-105
2218,248,-101
2219,246,-104
2220,243,-105
2221,248,-103
2222,244,-108
2223,239,-109
2224,238,-106
2225,241,-111
2226,246,-107
2227,243,-105
2228,244,-100
2229,246,-100
2230,249,-95
2231,247,-92
2232,250,-91
2233,253,-91
2234,253,-91
2235,253,-95
2236,249,-94
2237,249,-90
2238,247,-85
2239,243,-83
2240,248,-87
2241,247,-85
2242,252,-82
2243,252,-85
2244,255,-90
2245,253,-95
2246,251,-97
2247,246,-94
2248,248,-99
2249,244,-100
2250,240,-96
2251,237,-99
2252,240,-95
2253,236,-92
2254,239,-92
2255,234,-94
2256,234,-97
2257,229,-99
2258,233,-103
2259,228,-103
2260,231,-104
2261,229,-99
2262,228,-97
2263,231,-92
2264,233,-94
2265,233,-99
2266,236,-98
2267,237,-100
2268,242,-101
2269,241,-99
2270,238,-102
2271,241,-105
2272,243,-107
2273,244,-104
2274,239,-102
2275,243,-100
2276,241,-95
2277,239,-98
2278,240,-93
2279,244,-94
2280,249,-97
2281,246,-100
2282,242,-98
2283,237,-99
2284,233,-98
2285,235,-96
2286,237,-100
2287,235,-105
2288,239,-100
2289,240,-105
2290,237,-105
2291,233,-109
2292,232,-111
2293,233,-109
2294,236,-113
2295,240,-115
2296,239,-119
2297,239,-115
2298,235,-110
2299,236,-107
2300,240,-102
2301,236,-104
2302,236,-106
2303,237,-111
2304,242,-114
2305,238,-115
2306,235,-118
2307,234,-120
2308,229,-125
2309,224,-120
2310,224,-115
2311,221,-115
2312,225,-117
2313,228,-119
2314,232,-114
2315,234,-117
2316,238,-116
2317,243,-113
2318,245,-109
2319,242,-110
2320,241,-108
2321,239,-103
2322,240,-106
2323,236,-101
2324,233,-101
2325,236,-96
2326,238,-101
2327,233,-103
2328,230,-104
2329,230,-101
2330,231,-103
2331,231,-104
2332,231,-102
2333,236,-98
2334,232,-96
2335,232,-96
2336,233,-98
2337,232,-99
2338,232,-100
2339,237,-95
2340,236,-98
2341,234,-99
2342,231,-99
2343,227,-100
2344,224,-102
2345,222,-107
2346,223,-108
2347,221,-113
2348,223,-110
2349,226,-110
2350,231,-108
2351,231,-112
2352,229,-107
2353,234,-102
2354,233,-106
2355,232,-109
2356,234,-113
2357,239,-110
2358,239,-106
2359,240,-102
2360,244,-104
2361,242,-106
2362,237,-111
2363,239,-112
2364,237,-117
2365,236,-122
2366,231,-118
2367,232,-120
2368,230,-122
2369,226,-125
2370,223,-128
2371,219,-128
2372,217,-132
2373,221,-133
2374,223,-129
2375,227,-134
2376,232,-137
2377,232,-135
2378,235,-134
2379,232,-138
2380,230,-136
2381,226,-140
2382,226,-138
2383,230,-136
2384,229,-136
2385,234,-138
2386,231,-135
2387,227,-131
2388,229,-136
2389,230,-135
2390,235,-130
2391,237,-132
2392,234,-132
2393,229,-130
2394,229,-128
2395,224,-133
2396,221,-137
2397,221,-140
2398,223,-139
2399,218,-139
2400,218,-135
2401,217,-131
2402,219,-129
2403,222,-128
2404,222,-124
2405,217,-129
2406,218,-126
2407,222,-121
2408,223,-119
2409,226,-121
2410,229,-122
2411,232,-118
2412,234,-115
2413,229,-111
2414,234,-107
2415,238,-104
2416,242,-106
2417,237,-106
2418,238,-110
2419,238,-114
2420,238,-112
2421,237,-109
2422,237,-114
2423,240,-111
2424,244,-107
2425,239,-103
2426,243,-98
2427,246,-93
2428,248,-95
2429,252,-93
2430,251,-90
2431,247,-86
2432,252,-82
2433,255,-85
2434,250,-83
2435,252,-78
2436,250,-76
2437,249,-78
2438,253,-82
2439,250,-86
2440,253,-91
2441,254,-88
2442,249,-83
2443,247,-79
2444,244,-81
2445,244,-86
2446,246,-90
2447,244,-87
2448,245,-86
2449,249,-89
2450,249,-92
2451,246,-88
2452,246,-90
2453,246,-85
2454,243,-83
2455,240,-82
2456,236,-86
2457,239,-85
2458,238,-89
2459,235,-88
2460,230,-90
2461,232,-87
2462,235,-90
2463,234,-87
2464,235,-87
2465,231,-90
2466,233,-92
2467,238,-87
2468,234,-85
2469,237,-83
2470,233,-87
2471,233,-91
2472,238,-89
2473,235,-85
2474,240,-82
2475,236,-84
2476,231,-80
2477,235,-85
2478,236,-85
2479,240,-87
2480,241,-86
2481,245,-81
2482,249,-82
2483,250,-78
2484,255,-83
2485,254,-85
2486,249,-89
2487,245,-85
2488,243,-86
2489,244,-89
2490,241,-89
2491,238,-93
2492,236,-94
2493,241,-99
2494,245,-95
2495,240,-93
2496,241,-93
2497,245,-93
2498,244,-89
2499,243,-87
2500,246,-84
2501,251,-86
2502,252,-86
2503,254,-91
2504,256,-86
2505,260,-82
2506,262,-78
2507,263,-77
2508,259,-79
2509,254,-84
2510,259,-88
2511,256,-88
2512,251,-86
2513,256,-85
2514,259,-84
2515,261,-81
2516,257,-85
2517,260,-81
2518,256,-76
2519,252,-80
2520,250,-81
2521,250,-85
2522,251,-86
2523,249,-85
2524,251,-85
2525,252,-81
2526,255,-81
2527,256,-79
2528,260,-81
2529,260,-79
2530,264,-81
2531,264,-84
2532,268,-83
2533,266,-88
2534,265,-89
2535,270,-87
2536,270,-91
2537,273,-94
2538,277,-90
2539,281,-95
2540,276,-94
2541,271,-98
2542,266,-100
2543,267,-96
2544,263,-91
2545,265,-93
2546,265,-94
2547,269,-93
2548,269,-93
2549,268,-91
2550,265,-89
2551,260,-85
2552,264,-88
2553,263,-87
2554,267,-88
2555,264,-83
2556,268,-84
2557,269,-85
2558,265,-88
2559,265,-84
2560,270,-87
2561,267,-87
2562,268,-83
2563,271,-85
2564,271,-80
2565,274,-79
2566,274,-78
2567,276,-78
2568,276,-81
2569,281,-77
2570,279,-77
2571,284,-82
2572,289,-77
2573,289,-80
2574,291,-82
2575,290,-84
2576,287,-83
2577,290,-81
2578,285,-85
2579,281,-88
2580,277,-86
2581,277,-83
2582,279,-83
2583,276,-80
2584,272,-77
2585,268,-72
2586,271,-67
2587,266,-62
2588,261,-59
2589,264,-63
2590,263,-67
2591,263,-69
2592,268,-70
2593,267,-71
2594,270,-72
2595,271,-71
2596,269,-66
2597,265,-67
2598,260,-68
2599,256,-63
2600,257,-65
2601,256,-69
2602,257,-74
2603,257,-69
2604,258,-65
2605,262,-66
2606,257,-62
2607,259,-65
2608,257,-66
2609,252,-63
2610,256,-68
2611,256,-63
2612,255,-59
2613,252,-56
2614,254,-52
2615,254,-52
2616,255,-52
2617,257,-50
2618,258,-50
2619,261,-52
2620,258,-48
2621,261,-45
2622,261,-41
2623,257,-38
2624,258,-39
2625,256,-37
2626,258,-34
2627,262,-37
2628,257,-42
2629,257,-45
2630,255,-45
2631,251,-42
2632,253,-37
2633,252,-40
2634,256,-35
2635,259,-40
2636,261,-44
2637,259,-45
2638,255,-47
2639,252,-52
2640,249,-53
2641,250,-50
2642,255,-51
2643,255,-47
2644,259,-45
2645,258,-48
2646,259,-48
2647,258,-44
2648,256,-41
2649,258,-45
2650,254,-45
2651,249,-48
2652,253,-44
2653,256,-43
2654,255,-48
2655,250,-47
2656,247,-42
2657,252,-39
2658,254,-37
2659,258,-40
2660,261,-43
2661,256,-39
2662,259,-42
2663,260,-47
2664,264,-48
2665,263,-44
2666,268,-49
2667,270,-45
2668,267,-42
2669,262,-38
2670,266,-36
2671,271,-33
2672,272,-37
2673,272,-39
2674,270,-42
2675,272,-47
2676,270,-46
2677,274,-51
2678,271,-47
2679,269,-45
2680,271,-44
2681,273,-40
2682,268,-35
2683,272,-39
2684,272,-38
2685,276,-37
2686,279,-32
2687,274,-31
2688,272,-27
2689,267,-26
2690,269,-29
2691,266,-28
2692,266,-32
2693,264,-28
2694,267,-33
2695,262,-33
2696,258,-31
2697,258,-31
2698,261,-35
2699,257,-39
2700,256,-34
2701,252,-33
2702,255,-33
2703,259,-28
2704,259,-24
2705,263,-26
2706,265,-31
2707,269,-34
2708,268,-36
2709,263,-40
2710,266,-40
2711,270,-44
2712,266,-49
2713,266,-54
2714,264,-57
2715,263,-58
2716,264,-56
2717,268,-56
2718,270,-58
2719,271,-53
2720,266,-58
2721,267,-63
2722,269,-65
2723,269,-65
2724,264,-61
2725,266,-60
2726,265,-56
2727,264,-57
2728,260,-54
2729,257,-50
2730,260,-45
2731,260,-40
2732,258,-38
2733,254,-37
2734,258,-41
2735,261,-41
2736,258,-37
2737,259,-37
2738,256,-35
2739,260,-32
2740,262,-28
2741,259,-28
2742,257,-23
2743,258,-27
2744,254,-29
2745,254,-27
2746,256,-32
2747,261,-31
2748,260,-34
2749,260,-33
2750,263,-33
2751,268,-32
2752,271,-29
2753,269,-31
2754,268,-31
2755,269,-32
2756,267,-30
2757,267,-32
2758,271,-28
2759,273,-33
2760,273,-29
2761,276,-34
2762,278,-36
2763,277,-33
2764,279,-30
2765,279,-28
2766,277,-25
2767,279,-24
2768,280,-29
2769,284,-34
2770,279,-39
2771,275,-38
2772,277,-40
2773,276,-38
2774,271,-39
2775,269,-38
2776,266,-35
2777,263,-30
2778,260,-27
2779,262,-28
2780,266,-30
2781,262,-26
2782,257,-27
2783,253,-30
2784,251,-27
2785,252,-31
2786,250,-30
2787,247,-30
2788,252,-28
2789,257,-33
2790,257,-28
2791,252,-27
2792,257,-24
2793,262,-19
2794,258,-21
2795,258,-17
2796,256,-20
2797,261,-22
2798,259,-24
2799,260,-21
2800,257,-16
2801,252,-12
2802,257,-9
2803,262,-5
2804,260,-3
2805,261,-2
2806,265,-6
2807,260,-2
2808,262,-4
2809,265,-3
2810,261,2
2811,261,-2
2812,260,-6
2813,258,-8
2814,260,-5
2815,257,-2
2816,253,1
2817,253,5
2818,253,1
2819,256,3
2820,260,8
2821,255,9
2822,254,6
2823,255,9
2824,259,4
2825,261,8
2826,260,5
2827,257,5
2828,256,2
2829,259,-1
2830,260,0
2831,264,4
2832,260,4
2833,257,-1
2834,260,3
2835,257,0
2836,254,0
2837,256,0
2838,251,5
2839,249,4
2840,247,-1
2841,246,-2
2842,246,-4
2843,247,-2
2844,244,-3
2845,241,1
2846,242,6
2847,238,5
2848,234,8
2849,232,10
2850,237,10
2851,234,12
2852,234,7
2853,234,3
2854,234,-1
2855,234,4
2856,237,6
2857,240,4
2858,241,4
2859,245,9
2860,250,8
2861,245,8
2862,248,8
2863,251,4
2864,256,4
2865,260,9
2866,256,14
2867,259,17
2868,260,12
2869,261,8
2870,258,6
2871,260,10
2872,258,14
2873,258,14
2874,258,12
2875,261,13
2876,263,18
2877,261,17
2878,265,15
2879,267,11
2880,266,7
2881,268,6
2882,267,8
2883,268,13
2884,263,16
2885,267,11
2886,271,16
2887,273,20
2888,278,20
2889,275,25
2890,279,28
2891,280,28
2892,284,28
2893,284,29
2894,289,24
2895,289,23
2896,294,21
2897,293,18
2898,290,13
2899,292,18
2900,287,16
2901,289,17
2902,287,18
2903,290,16
2904,293,12
2905,290,11
2906,289,11
2907,288,7
2908,291,6
2909,287,10
2910,284,11
2911,280,10
2912,281,10
2913,277,12
2914,281,9
2915,280,10
2916,280,14
2917,282,17
2918,283,19
2919,284,18
2920,283,14
2921,279,14
2922,276,19
2923,272,24
2924,274,26
2925,275,30
2926,279,26
2927,275,25
2928,279,22
2929,282,18
2930,281,22
2931,282,18
2932,287,16
2933,284,18
2934,280,23
2935,276,19
2936,273,14
2937,271,19
2938,266,15
2939,264,20
2940,265,22
2941,266,22
2942,268,25
2943,266,29
2944,262,31
2945,258,34
2946,255,31
2947,252,26
2948,249,27
2949,246,32
2950,242,28
2951,241,33
2952,237,37
2953,236,34
2954,231,38
2955,226,41
2956,227,45
2957,231,41
2958,226,36
2959,226,40
2960,226,44
2961,221,43
2962,225,42
2963,230,39
2964,235,39
2965,236,39
2966,237,37
2967,233,37
2968,233,40
2969,233,41
2970,229,36
2971,229,38
2972,232,34
2973,234,37
2974,238,34
2975,235,35
2976,232,37
2977,229,42
2978,229,38
2979,227,33
2980,231,38
2981,231,41
2982,230,36
2983,235,35
2984,232,34
2985,227,38
2986,223,34
2987,226,39
2988,228,43
2989,228,47
2990,228,47
2991,223,42
2992,225,44
2993,223,45
2994,221,49
2995,220,44
2996,218,42
2997,222,43
2998,219,43
2999,223,45
3000,223,45
3001,228,41
3002,232,46
3003,237,51
3004,233,48
3005,231,51
3006,230,49
3007,232,53
3008,237,48
3009,239,46
3010,236,45
3011,239,43
3012,244,38
3013,240,35
3014,235,31
3015,233,33
3016,238,37
3017,239,33
3018,239,35
3019,243,39
3020,248,36
3021,246,32
3022,246,28
3023,242,32
3024,243,34
3025,244,34
3026,244,30
3027,240,28
3028,240,30
3029,239,30
3030,244,35
3031,242,40
3032,247,44
3033,244,48
3034,247,50
3035,245,47
3036,250,51
3037,247,49
3038,252,47
3039,248,44
3040,247,43
3041,250,38
3042,254,36
3043,250,36
3044,253,41
3045,251,37
3046,250,36
3047,254,34
3048,256,34
3049,254,30
3050,256,25
3051,256,23
3052,259,23
3053,260,18
3054,265,23
3055,269,25
3056,271,28
3057,268,30
3058,269,25
3059,267,24
3060,264,19
3061,264,24
3062,267,28
3063,268,33
3064,271,35
3065,266,30
3066,262,34
3067,260,31
3068,258,27
3069,262,32
3070,265,30
3071,263,31
3072,260,32
3073,258,27
3074,263,31
3075,259,27
3076,257,22
3077,262,25
3078,260,23
3079,256,21
3080,251,16
3081,246,12
3082,250,14
3083,247,16
3084,252,13
3085,247,17
3086,244,15
3087,244,20
3088,240,21
3089,239,20
3090,243,24
3091,241,22
3092,245,24
3093,246,19
3094,247,18
3095,246,19
3096,243,19
3097,242,18
3098,246,19
3099,242,21
3100,244,26
3101,239,26
3102,236,28
3103,236,24
3104,233,21
3105,229,25
3106,232,20
3107,230,21
3108,228,17
3109,232,21
3110,227,26
3111,228,21
3112,228,20
3113,231,15
3114,232,20
3115,228,17
3116,223,12
3117,221,13
3118,220,13
3119,216,10
3120,211,5
3121,212,10
3122,208,8
3123,211,9
3124,216,4
3125,219,4
3126,221,0
3127,220,-3
3128,220,-7
3129,218,-9
3130,222,-8
3131,218,-3
3132,219,-5
3133,214,-6
3134,213,-10
3135,217,-7
3136,212,-10
3137,209,-9
3138,206,-11
3139,205,-7
3140,208,-6
3141,210,-2
3142,215,-2
3143,220,2
3144,222,4
3145,225,3
3146,221,5
3147,221,1
3148,217,-1
3149,220,-1
3150,220,-4
3151,220,-6
3152,215,-2
3153,215,-7
3154,218,-12
3155,222,-17
3156,224,-17
3157,220,-22
3158,224,-25
3159,220,-26
3160,218,-29
3161,221,-24
3162,218,-24
3163,220,-21
3164,216,-19
3165,215,-16
3166,214,-13
3167,215,-18
3168,214,-19
3169,215,-21
3170,219,-25
3171,224,-21
3172,228,-26
3173,229,-23
3174,224,-18
3175,225,-22
3176,227,-26
3177,227,-25
3178,226,-24
3179,225,-26
3180,221,-22
3181,222,-21
3182,218,-22
3183,223,-26
3184,227,-25
3185,231,-26
3186,232,-25
3187,229,-27
3188,224,-26
3189,225,-26
3190,227,-27
3191,222,-28
3192,227,-30
3193,229,-31
3194,227,-28
3195,222,-32
3196,222,-30
3197,227,-32
3198,230,-29
3199,225,-32
3200,223,-30
3201,226,-28
3202,229,-26
3203,229,-30
3204,232,-29
3205,227,-33
3206,224,-36
3207,221,-35
3208,220,-32
3209,220,-35
3210,219,-35
3211,215,-35
3212,212,-35
3213,210,-32
3214,209,-36
3215,211,-36
3216,206,-39
3217,209,-43
3218,214,-48
3219,213,-43
3220,212,-42
3221,216,-41
3222,220,-42
3223,224,-40
3224,228,-36
3225,233,-35
3226,236,-38
3227,235,-33
3228,240,-32
3229,236,-27
3230,236,-26
3231,234,-21
3232,237,-16
3233,233,-19
3234,234,-24
3235,232,-26
3236,235,-27
3237,236,-31
3238,231,-30
3239,229,-25
3240,231,-27
3241,231,-28
3242,226,-28
3243,226,-28
3244,223,-27
3245,222,-31
3246,220,-32
3247,217,-28
3248,212,-30
3249,214,-30
3250,217,-27
3251,215,-27
3252,214,-27
3253,209,-31
3254,209,-34
3255,204,-32
3256,204,-34
3257,199,-38
3258,199,-43
3259,194,-38
3260,192,-42
3261,197,-38
3262,197,-36
3263,199,-31
3264,199,-28
3265,197,-29
3266,197,-27
3267,202,-26
3268,205,-31
3269,210,-28
3270,209,-30
3271,212,-28
3272,209,-26
3273,208,-23
3274,205,-27
3275,209,-24
3276,212,-23
3277,208,-23
3278,210,-23
3279,205,-27
3280,210,-31
3281,206,-34
3282,206,-34
3283,202,-38
3284,198,-40
3285,193,-37
3286,192,-34
3287,190,-35
3288,188,-40
3289,193,-37
3290,191,-41
3291,191,-40
3292,194,-35
3293,197,-31
3294,192,-35
3295,195,-39
3296,195,-41
3297,193,-38
3298,193,-38
3299,194,-37
3300,195,-39
3301,197,-44
3302,200,-47
3303,197,-51
3304,197,-47
3305,197,-47
3306,200,-47
3307,199,-51
3308,202,-56
3309,204,-53
3310,202,-49
3311,201,-47
3312,199,-44
3313,198,-48
3314,197,-47
3315,199,-44
3316,202,-39
3317,199,-43
3318,194,-42
3319,195,-40
3320,191,-35
3321,190,-34
3322,192,-35
3323,187,-40
3324,182,-43
3325,178,-41
3326,177,-42
3327,175,-40
3328,172,-40
3329,176,-37
3330,172,-37
3331,167,-35
3332,162,-32
3333,161,-27
3334,165,-24
3335,161,-29
3336,164,-30
3337,164,-33
3338,162,-38
3339,165,-36
3340,164,-31
3341,169,-28
3342,173,-25
3343,173,-30
3344,168,-30
3345,167,-35
3346,166,-37
3347,170,-35
3348,171,-34
3349,167,-39
3350,162,-40
3351,165,-41
3352,163,-45
3353,164,-45
3354,161,-45
3355,164,-50
3356,168,-46
3357,164,-49
3358,163,-46
3359,162,-51
3360,162,-48
3361,162,-49
3362,167,-44
3363,168,-46
3364,168,-49
3365,169,-51
3366,164,-47
3367,163,-51
3368,159,-56
3369,164,-61
3370,163,-58
3371,164,-60
3372,159,-65
3373,157,-63
3374,154,-63
3375,155,-64
3376,156,-69
3377,151,-70
3378,152,-69
3379,151,-72
3380,152,-68
3381,157,-70
3382,158,-71
3383,162,-71
3384,161,-67
3385,158,-69
3386,162,-72
3387,158,-67
3388,162,-71
3389,163,-66
3390,165,-67
3391,162,-65
3392,165,-66
3393,164,-64
3394,164,-65
3395,167,-62
3396,170,-58
3397,174,-55
3398,170,-50
3399,171,-47
3400,173,-43
3401,172,-43
3402,170,-45
3403,175,-44
3404,171,-39
3405,176,-44
3406,181,-46
3407,181,-49
3408,184,-50
3409,181,-48
3410,176,-50
3411,174,-55
3412,173,-52
3413,170,-54
3414,172,-52
3415,169,-56
3416,164,-58
3417,159,-60
3418,154,-55
3419,152,-58
3420,156,-61
3421,159,-66
3422,158,-61
3423,160,-59
3424,156,-60
3425,158,-60
3426,156,-62
3427,151,-62
3428,152,-63
3429,155,-58
3430,160,-60
3431,157,-57
3432,152,-62
3433,152,-67
3434,152,-72
3435,148,-68
3436,147,-69
3437,151,-69
3438,154,-69
3439,159,-73
3440,163,-71
3441,165,-71
3442,165,-71
3443,170,-73
3444,167,-69
3445,169,-72
3446,167,-70
3447,162,-68
3448,159,-71
3449,163,-71
3450,164,-76
3451,167,-74
3452,168,-78
3453,166,-82
3454,165,-83
3455,166,-78
3456,164,-82
3457,165,-83
3458,170,-87
3459,165,-86
3460,168,-83
3461,173,-87
3462,174,-86
3463,176,-85
3464,181,-87
3465,178,-90
3466,173,-94
3467,168,-93
3468,170,-95
3469,168,-94
3470,171,-90
3471,176,-94
3472,180,-96
3473,182,-99
3474,187,-94
3475,188,-93
3476,185,-94
3477,180,-99
3478,183,-94
3479,180,-97
3480,184,-101
3481,185,-104
3482,189,-103
3483,188,-106
3484,186,-102
3485,181,-107
3486,185,-102
3487,188,-104
3488,183,-108
3489,179,-112
3490,181,-107
3491,182,-105
3492,178,-109
3493,181,-106
3494,180,-104
3495,179,-102
3496,178,-106
3497,178,-105
3498,174,-100
3499,179,-95
3500,184,-98
3501,179,-96
3502,180,-95
3503,185,-99
3504,182,-98
3505,182,-103
3506,179,-102
3507,182,-105
3508,177,-104
3509,174,-108
3510,178,-113
3511,175,-111
3512,178,-116
3513,177,-119
3514,172,-122
3515,169,-120
3516,169,-118
3517,169,-123
3518,167,-118
3519,169,-114
3520,170,-112
3521,168,-108
3522,164,-111
3523,166,-107
3524,171,-102
3525,168,-104
3526,173,-106
3527,175,-102
3528,176,-103
3529,175,-103
3530,177,-107
3531,178,-106
3532,174,-101
3533,174,-102
3534,176,-98
3535,180,-100
3536,175,-102
3537,180,-102
3538,184,-106
3539,179,-104
3540,180,-109
3541,180,-104
3542,178,-106
3543,181,-108
3544,184,-113
3545,187,-112
3546,187,-115
3547,192,-114
3548,197,-109
3549,195,-107
3550,200,-108
3551,203,-106
3552,206,-111
3553,208,-113
3554,208,-116
3555,211,-117
3556,215,-115
3557,213,-118
3558,215,-117
3559,217,-115
3560,215,-118
3561,215,-121
3562,216,-126
3563,215,-130
3564,212,-135
3565,215,-137
3566,215,-137
3567,210,-132
3568,214,-131
3569,217,-136
3570,215,-134
3571,220,-135
3572,218,-131
3573,215,-131
3574,216,-127
3575,211,-125
3576,206,-122
3577,206,-125
3578,205,-129
3579,210,-124
3580,209,-120
3581,209,-125
3582,212,-128
3583,213,-132
3584,209,-136
3585,210,-139
3586,215,-141
3587,216,-146
3588,212,-144
3589,214,-142
3590,211,-144
3591,212,-140
3592,212,-138
3593,210,-136
3594,206,-136
3595,205,-131
3596,205,-130
3597,207,-126
3598,205,-124
3599,206,-123
3600,206,-119
3601,210,-116
3602,205,-117
3603,206,-122
3604,211,-118
3605,216,-114
3606,218,-111
3607,223,-113
3608,221,-113
3609,219,-112
3610,221,-114
3611,216,-116
3612,219,-121
3613,222,-124
3614,222,-123
3615,218,-118
3616,219,-115
3617,219,-117
3618,220,-119
3619,219,-123
3620,224,-122
3621,223,-122
3622,228,-122
3623,233,-121
3624,236,-116
3625,238,-118
3626,240,-118
3627,240,-115
3628,242,-114
3629,246,-112
3630,241,-107
3631,236,-110
3632,233,-109
3633,233,-111
3634,236,-113
3635,240,-108
3636,241,-108
3637,244,-106
3638,246,-105
3639,243,-102
3640,245,-97
3641,240,-99
3642,244,-104
3643,248,-108
3644,253,-108
3645,257,-113
3646,260,-108
3647,261,-111
3648,260,-107
3649,260,-103
3650,265,-104
3651,267,-101
3652,263,-98
3653,268,-95
3654,263,-91
3655,266,-92
3656,269,-89
3657,273,-89
3658,274,-94
3659,277,-98
3660,278,-102
3661,274,-99
3662,269,-94
3663,271,-96
3664,268,-93
3665,264,-94
3666,267,-97
3667,270,-95
3668,272,-98
3669,268,-99
3670,271,-95
3671,274,-92
3672,269,-89
3673,269,-86
3674,271,-85
3675,268,-90
3676,273,-93
3677,278,-89
3678,280,-86
3679,282,-84
3680,280,-82
3681,285,-87
3682,286,-83
3683,291,-85
3684,293,-83
3685,298,-84
3686,300,-82
3687,297,-80
3688,297,-78
3689,298,-78
3690,301,-81
3691,298,-82
3692,301,-87
3693,306,-88
3694,305,-93
3695,308,-89
3696,308,-85
3697,310,-85
3698,306,-88
3699,305,-88
3700,302,-89
3701,303,-86
3702,305,-90
3703,306,-90
3704,303,-94
3705,308,-94
3706,305,-89
3707,300,-84
3708,298,-81
3709,294,-77
3710,293,-76
3711,292,-81
3712,287,-81
3713,289,-85
3714,287,-80
3715,291,-80
3716,293,-75
3717,290,-77
3718,295,-82
3719,300,-85
3720,303,-87
3721,302,-85
3722,305,-85
3723,302,-82
3724,298,-79
3725,295,-77
3726,299,-77
3727,304,-72
3728,304,-73
3729,301,-75
3730,301,-79
3731,304,-83
3732,299,-85
3733,297,-82
3734,295,-82
3735,296,-77
3736,292,-72
3737,296,-68
3738,294,-67
3739,295,-67
3740,296,-65
3741,299,-66
3742,296,-70
3743,300,-69
3744,299,-69
3745,298,-68
3746,301,-69
3747,301,-74
3748,296,-70
3749,297,-72
3750,298,-77
3751,296,-75
3752,293,-73
3753,292,-75
3754,290,-72
3755,288,-70
3756,285,-68
3757,289,-73
3758,293,-69
3759,297,-68
3760,301,-63
3761,304,-60
3762,300,-63
3763,300,-68
3764,304,-63
3765,300,-62
3766,304,-61
3767,301,-58
3768,297,-57
3769,297,-52
3770,301,-52
3771,305,-51
3772,305,-54
3773,304,-51
3774,300,-56
3775,305,-53
3776,303,-52
3777,308,-57
3778,306,-59
3779,308,-57
3780,312,-53
3781,309,-56
3782,306,-58
3783,307,-56
3784,310,-58
3785,306,-63
3786,304,-67
3787,305,-69
3788,300,-64
3789,302,-65
3790,299,-61
3791,300,-62
3792,295,-65
3793,291,-66
3794,293,-70
3795,297,-72
3796,293,-73
3797,296,-70
3798,295,-71
3799,292,-74
3800,290,-69
3801,288,-66
3802,287,-68
3803,292,-70
3804,296,-73
3805,296,-78
3806,292,-83
3807,293,-88
3808,291,-85
3809,290,-90
3810,287,-90
3811,287,-87
3812,286,-89
3813,283,-85
3814,281,-90
3815,283,-94
3816,287,-98
3817,290,-97
3818,295,-96
3819,298,-101
3820,303,-104
3821,307,-100
3822,303,-100
3823,303,-105
3824,300,-103
3825,295,-107
3826,293,-104
3827,292,-108
3828,295,-112
3829,294,-110
3830,294,-113
3831,299,-114
3832,302,-112
3833,299,-115
3834,298,-115
3835,297,-116
3836,301,-115
3837,301,-111
3838,306,-114
3839,309,-114
3840,311,-111
3841,311,-110
3842,315,-108
3843,319,-112
3844,317,-111
3845,313,-110
3846,318,-106
3847,313,-109
3848,311,-114
3849,315,-116
3850,317,-117
3851,316,-114
3852,318,-111
3853,316,-116
3854,317,-118
3855,319,-115
3856,314,-111
3857,319,-106
3858,316,-103
3859,321,-102
3860,318,-106
3861,315,-103
3862,312,-98
3863,317,-95
3864,321,-90
3865,319,-93
3866,320,-98
3867,320,-99
3868,322,-98
3869,326,-95
3870,326,-97
3871,321,-93
3872,326,-98
3873,327,-102
3874,326,-97
3875,324,-95
3876,321,-92
3877,321,-91
3878,319,-86
3879,320,-84
3880,323,-82
3881,319,-82
3882,324,-81
3883,319,-85
3884,322,-84
3885,318,-84
3886,314,-84
3887,312,-80
3888,317,-80
3889,317,-79
3890,318,-82
3891,315,-83
3892,317,-88
3893,314,-86
3894,309,-90
3895,308,-95
3896,305,-100
3897,309,-96
3898,313,-96
3899,313,-95
3900,317,-92
3901,316,-90
3902,320,-88
3903,325,-86
3904,328,-81
3905,326,-84
3906,321,-87
3907,323,-86
3908,326,-87
3909,329,-85
3910,334,-84
3911,336,-88
3912,333,-88
3913,333,-83
3914,337,-88
3915,342,-92
3916,344,-87
3917,349,-82
3918,345,-81
3919,345,-79
3920,343,-78
3921,341,-76
3922,341,-72
3923,346,-67
3924,347,-63
3925,346,-64
3926,349,-61
3927,347,-65
3928,347,-70
3929,350,-73
3930,346,-73
3931,343,-70
3932,341,-74
3933,346,-74
3934,344,-71
3935,349,-67
3936,353,-69
3937,352,-72
3938,350,-72
3939,347,-76
3940,352,-75
3941,354,-79
3942,350,-82
3943,354,-81
3944,354,-86
3945,357,-87
3946,361,-83
3947,358,-78
3948,360,-75
3949,361,-75
3950,365,-73
3951,365,-75
3952,360,-71
3953,359,-69
3954,360,-71
3955,361,-66
3956,362,-70
3957,357,-75
3958,362,-70
3959,366,-75
3960,365,-76
3961,362,-79
3962,365,-79
3963,360,-83
3964,355,-85
3965,351,-89
3966,349,-92
3967,344,-96
3968,347,-91
3969,342,-88
3970,344,-89
3971,348,-88
3972,353,-84
3973,358,-87
3974,357,-86
3975,354,-90
3976,357,-85
3977,352,-81
3978,348,-86
3979,343,-81
3980,345,-79
3981,347,-74
3982,348,-69
3983,343,-65
3984,338,-60
3985,342,-55
3986,346,-55
3987,350,-56
3988,351,-55
3989,354,-60
3990,356,-59
3991,351,-64
3992,348,-65
3993,353,-61
3994,356,-59
3995,361,-63
3996,357,-63
3997,352,-66
3998,347,-61
3999,346,-58
4000,350,-60
4001,351,-58
4002,352,-58
4003,356,-58
4004,359,-62
4005,362,-63
4006,361,-67
4007,360,-68
4008,361,-69
4009,363,-70
4010,366,-72
4011,362,-69
4012,367,-71
4013,365,-71
4014,368,-74
4015,371,-76
4016,371,-80
4017,372,-81
4018,377,-83
4019,380,-79
4020,384,-84
4021,379,-83
4022,375,-81
4023,371,-78
4024,376,-83
4025,371,-83
4026,375,-82
4027,378,-85
4028,377,-87
4029,378,-85
4030,377,-89
4031,377,-92
4032,372,-95
4033,377,-91
4034,377,-90
4035,372,-93
4036,371,-92
4037,374,-91
4038,376,-91
4039,377,-93
4040,373,-90
4041,373,-95
4042,375,-94
4043,377,-90
4044,372,-94
4045,372,-89
4046,371,-94
4047,371,-89
4048,373,-94
4049,377,-89
4050,374,-84
4051,373,-82
4052,370,-86
4053,366,-89
4054,363,-91
4055,358,-86
4056,363,-83
4057,359,-79
4058,359,-74
4059,354,-70
4060,353,-65
4061,353,-60
4062,349,-62
4063,351,-63
4064,346,-68
4065,351,-63
4066,350,-60
4067,352,-59
4068,355,-60
4069,359,-59
4070,359,-61
4071,359,-60
4072,355,-65
4073,359,-68
4074,356,-64
4075,353,-61
4076,353,-66
4077,351,-69
4078,347,-72
4079,350,-71
4080,354,-73
4081,359,-69
4082,356,-74
4083,356,-69
4084,351,-65
4085,350,-61
4086,355,-66
4087,354,-61
4088,355,-66
4089,357,-69
4090,362,-72
4091,360,-73
4092,355,-71
4093,354,-72
4094,349,-70
4095,350,-65
4096,353,-65
4097,350,-70
4098,348,-70
4099,350,-69
4100,348,-72
4101,349,-76
4102,351,-79
4103,352,-78
4104,354,-76
4105,349,-79
4106,350,-82
4107,353,-83
4108,352,-79
4109,354,-78
4110,356,-83
4111,354,-81
4112,349,-80
4113,349,-79
4114,350,-80
4115,349,-77
4116,344,-82
4117,349,-86
4118,349,-89
4119,344,-89
4120,346,-86
4121,344,-87
4122,343,-87
4123,344,-87
4124,339,-85
4125,337,-85
4126,339,-82
4127,341,-83
4128,340,-79
4129,340,-77
4130,342,-82
4131,342,-81
4132,341,-77
4133,336,-75
4134,336,-77
4135,336,-75
4136,334,-78
4137,337,-77
4138,334,-81
4139,336,-76
4140,336,-76
4141,332,-75
4142,333,-78
4143,337,-76
4144,341,-78
4145,343,-78
4146,344,-82
4147,347,-82
4148,344,-77
4149,348,-74
4150,345,-70
4151,342,-74
4152,343,-72
4153,342,-69
4154,345,-65
4155,344,-67
4156,339,-66
4157,340,-65
4158,335,-67
4159,339,-72
4160,344,-77
4161,346,-80
4162,344,-75
4163,344,-71
4164,349,-75
4165,351,-74
4166,355,-76
4167,350,-76
4168,351,-81
4169,351,-82
4170,346,-85
4171,348,-89
4172,348,-90
4173,348,-89
4174,352,-92
4175,357,-93
4176,352,-97
4177,350,-94
4178,348,-89
4179,347,-89
4180,348,-85
4181,347,-86
4182,347,-87
4183,351,-92
4184,352,-87
4185,355,-89
4186,353,-84
4187,349,-89
4188,350,-86
4189,353,-84
4190,350,-81
4191,345,-80
4192,343,-79
4193,344,-84
4194,346,-86
4195,346,-86
4196,342,-88
4197,341,-88
4198,344,-87
4199,342,-91
4200,341,-93
4201,340,-92
4202,344,-88
4203,348,-89
4204,348,-86
4205,352,-82
4206,353,-86
4207,350,-90
4208,345,-87
4209,340,-90
4210,337,-93
4211,340,-89
4212,337,-90
4213,333,-93
4214,334,-90
4215,332,-93
4216,329,-96
4217,333,-98
4218,333,-99
4219,333,-94
4220,331,-99
4221,335,-104
4222,338,-103
4223,335,-104
4224,331,-107
4225,330,-107
4226,328,-106
4227,324,-107
4228,322,-108
4229,320,-103
4230,324,-103
4231,320,-101
4232,316,-99
4233,321,-104
4234,320,-104
4235,316,-104
4236,311,-99
4237,308,-94
4238,313,-99
4239,317,-98
4240,319,-94
4241,322,-90
4242,324,-89
4243,319,-92
4244,322,-91
4245,326,-93
4246,322,-93
4247,320,-98
4248,325,-102
4249,330,-97
4250,333,-100
4251,338,-102
4252,337,-101
4253,333,-100
4254,338,-96
4255,333,-101
4256,335,-100
4257,334,-96
4258,339,-100
4259,344,-100
4260,349,-97
4261,347,-94
4262,349,-95
4263,347,-92
4264,342,-91
4265,343,-89
4266,341,-87
4267,341,-89
4268,345,-85
4269,345,-81
4270,343,-80
4271,347,-83
4272,350,-88
4273,351,-84
4274,347,-88
4275,352,-92
4276,349,-91
4277,349,-91
4278,347,-90
4279,343,-87
4280,338,-90
4281,343,-94
4282,343,-98
4283,339,-94
4284,344,-99
4285,346,-103
4286,346,-99
4287,347,-94
4288,342,-99
4289,340,-96
4290,342,-98
4291,342,-100
4292,345,-103
4293,342,-108
4294,347,-110
4295,346,-106
4296,343,-104
4297,343,-102
4298,348,-103
4299,350,-103
4300,352,-108
4301,352,-109
4302,350,-109
4303,346,-113
4304,341,-116
4305,346,-118
4306,341,-123
4307,337,-125
4308,341,-129
4309,345,-130
4310,347,-131
4311,350,-126
4312,349,-121
4313,348,-116
4314,350,-111
4315,351,-113
4316,355,-117
4317,358,-121
4318,353,-117
4319,355,-112
4320,354,-112
4321,357,-115
4322,360,-116
4323,355,-117
4324,352,-115
4325,350,-112
4326,352,-112
4327,352,-112
4328,352,-116
4329,353,-121
4330,349,-120
4331,350,-123
4332,352,-127
4333,353,-132
4334,348,-136
4335,344,-131
4336,347,-134
4337,345,-136
4338,346,-141
4339,347,-144
4340,343,-140
4341,347,-136
4342,345,-135
4343,344,-130
4344,341,-130
4345,337,-126
4346,332,-124
4347,334,-124
4348,333,-122
4349,329,-127
4350,328,-122
4351,326,-122
4352,326,-127
4353,326,-129
4354,324,-126
4355,321,-129
4356,322,-125
4357,320,-129
4358,316,-128
4359,315,-125
4360,312,-128
4361,317,-131
4362,319,-132
4363,314,-137
4364,310,-140
4365,307,-141
4366,311,-143
4367,309,-140
4368,305,-140
4369,304,-143
4370,300,-140
4371,303,-145
4372,303,-143
4373,303,-141
4374,300,-137
4375,296,-138
4376,298,-143
4377,296,-147
4378,298,-152
4379,298,-150
4380,296,-152
4381,295,-155
4382,291,-157
4383,288,-159
4384,283,-158
4385,287,-162
4386,289,-163
4387,292,-161
4388,288,-166
4389,287,-169
4390,287,-168
4391,284,-165
4392,284,-164
4393,281,-159
4394,280,-157
4395,285,-154
4396,289,-150
4397,284,-146
4398,284,-151
4399,280,-152
4400,278,-157
4401,273,-154
4402,273,-156
4403,273,-161
4404,277,-158
4405,276,-163
4406,273,-165
4407,278,-160
4408,282,-158
4409,280,-162
4410,283,-163
4411,288,-158
4412,290,-158
4413,295,-154
4414,295,-151
4415,299,-152
4416,295,-154
4417,292,-159
4418,293,-156
4419,293,-160
4420,293,-161
4421,298,-163
4422,303,-163
4423,306,-160
4424,305,-161
4425,305,-166
4426,304,-164
4427,303,-163
4428,305,-168
4429,300,-164
4430,296,-166
4431,292,-166
4432,290,-165
4433,290,-170
4434,286,-168
4435,286,-165
4436,285,-163
4437,284,-165
4438,282,-169
4439,285,-166
4440,281,-171
4441,280,-173
4442,282,-178
4443,280,-181
4444,285,-180
4445,283,-176
4446,284,-173
4447,281,-171
4448,285,-169
4449,282,-169
4450,277,-174
4451,272,-169
4452,277,-173
4453,272,-171
4454,274,-167
4455,273,-170
4456,270,-174
4457,274,-172
4458,273,-168
4459,273,-168
4460,273,-171
4461,273,-168
4462,274,-166
4463,273,-163
4464,269,-166
4465,273,-168
4466,278,-167
4467,273,-166
4468,271,-169
4469,268,-166
4470,267,-163
4471,262,-164
4472,259,-163
4473,263,-159
4474,265,-164
4475,269,-161
4476,265,-166
4477,260,-169
4478,258,-164
4479,261,-162
4480,259,-163
4481,257,-159
4482,256,-161
4483,261,-161
4484,265,-157
4485,270,-160
4486,268,-155
4487,266,-153
4488,267,-149
4489,272,-153
4490,276,-150
4491,274,-151
4492,277,-149
4493,282,-152
4494,282,-151
4495,279,-153
4496,282,-154
4497,284,-157
4498,287,-155
4499,286,-150
4500,289,-146
4501,290,-149
4502,291,-151
4503,286,-149
4504,288,-144
4505,285,-148
4506,283,-147
4507,281,-146
4508,282,-146
4509,287,-142
4510,292,-144
4511,290,-140
4512,295,-143
4513,297,-140
4514,296,-135
4515,298,-136
4516,303,-136
4517,305,-131
4518,305,-131
4519,304,-132
4520,306,-130
4521,303,-130
4522,304,-128
4523,309,-131
4524,314,-129
4525,315,-126
4526,314,-127
4527,310,-132
4528,309,-137
4529,306,-142
4530,310,-146
4531,315,-141
4532,317,-140
4533,314,-141
4534,311,-138
4535,314,-133
4536,318,-131
4537,317,-131
4538,320,-128
4539,322,-131
4540,319,-130
4541,317,-126
4542,318,-129
4543,321,-126
4544,319,-129
4545,322,-133
4546,317,-133
4547,316,-130
4548,311,-129
4549,314,-128
4550,315,-129
4551,319,-133
4552,315,-136
4553,314,-135
4554,311,-134
4555,309,-133
4556,304,-133
4557,306,-134
4558,301,-137
4559,298,-139
4560,302,-137
4561,302,-136
4562,298,-139
4563,301,-137
4564,303,-138
4565,298,-143
4566,295,-146
4567,297,-147
4568,295,-150
4569,295,-153
4570,292,-153
4571,296,-157
4572,292,-161
4573,291,-157
4574,292,-152
4575,296,-150
4576,300,-153
4577,305,-151
4578,309,-155
4579,311,-159
4580,310,-163
4581,311,-167
4582,312,-165
4583,307,-163
4584,304,-161
4585,306,-163
4586,305,-161
4587,307,-165
4588,312,-167
4589,314,-171
4590,309,-167
4591,305,-163
4592,304,-164
4593,306,-169
4594,305,-172
4595,304,-174
4596,299,-176
4597,297,-173
4598,299,-171
4599,302,-167
4600,305,-171
4601,305,-168
4602,309,-167
4603,306,-169
4604,301,-167
4605,300,-172
4606,295,-175
4607,298,-171
4608,297,-176
4609,300,-181
4610,303,-178
4611,298,-178
4612,302,-179
4613,307,-175
4614,311,-178
4615,307,-182
4616,303,-178
4617,302,-182
4618,299,-177
4619,297,-176
4620,298,-174
4621,302,-178
4622,301,-181
4623,303,-186
4624,305,-186
4625,301,-184
4626,298,-187
4627,299,-187
4628,304,-190
4629,299,-187
4630,301,-185
4631,297,-183
4632,300,-184
4633,305,-182
4634,305,-177
4635,307,-178
4636,304,-181
4637,308,-177
4638,311,-174
4639,312,-179
4640,317,-174
4641,320,-178
4642,318,-178
4643,320,-182
4644,319,-179
4645,324,-175
4646,320,-175
4647,318,-179
4648,315,-176
4649,320,-173
4650,320,-168
4651,317,-172
4652,321,-173
4653,326,-174
4654,329,-176
4655,324,-173
4656,320,-171
4657,325,-176
4658,327,-173
4659,323,-169
4660,327,-166
4661,326,-163
4662,329,-164
4663,333,-160
4664,332,-157
4665,336,-155
4666,333,-154
4667,335,-155
4668,330,-158
4669,325,-159
4670,321,-156
4671,317,-152
4672,319,-152
4673,314,-157
4674,312,-152
4675,308,-155
4676,311,-155
4677,310,-160
4678,309,-160
4679,314,-163
4680,317,-158
4681,316,-163
4682,311,-164
4683,315,-168
4684,310,-169
4685,309,-169
4686,305,-167
4687,306,-165
4688,307,-164
4689,310,-160
4690,305,-155
4691,307,-157
4692,312,-158
4693,311,-161
4694,315,-156
4695,315,-156
4696,314,-159
4697,312,-154
4698,312,-151
4699,315,-152
4700,316,-157
4701,319,-162
4702,314,-162
4703,319,-166
4704,315,-164
4705,319,-161
4706,322,-162
4707,325,-157
4708,323,-160
4709,327,-162
4710,331,-160
4711,335,-159
4712,334,-157
4713,336,-157
4714,339,-157
4715,343,-158
4716,345,-158
4717,343,-153
4718,343,-155
4719,347,-156
4720,350,-160
4721,346,-165
4722,342,-169
4723,341,-174
4724,339,-173
4725,336,-178
4726,338,-182
4727,337,-178
4728,338,-177
4729,333,-175
4730,330,-178
4731,329,-181
4732,328,-182
4733,326,-180
4734,326,-181
4735,330,-177
4736,334,-175
4737,330,-178
4738,330,-181
4739,335,-178
4740,339,-177
4741,338,-176
4742,340,-176
4743,335,-177
4744,340,-180
4745,344,-179
4746,339,-182
4747,338,-179
4748,343,-175
4749,348,-178
4750,345,-183
4751,340,-185
4752,338,-186
4753,335,-181
4754,337,-177
4755,338,-179
4756,340,-179
4757,339,-176
4758,334,-174
4759,337,-177
4760,338,-182
4761,343,-180
4762,346,-181
4763,341,-182
4764,346,-186
4765,345,-183
4766,346,-180
4767,345,-180
4768,343,-185
4769,341,-188
4770,344,-189
4771,341,-187
4772,338,-190
4773,335,-195
4774,335,-194
4775,334,-192
4776,335,-197
4777,330,-192
4778,333,-196
4779,334,-192
4780,339,-195
4781,341,-192
4782,342,-195
4783,338,-200
4784,333,-203
4785,328,-198
4786,324,-197
4787,322,-193
4788,327,-197
4789,330,-192
4790,326,-191
4791,327,-187
4792,331,-191
4793,327,-187
4794,324,-184
4795,320,-181
4796,320,-179
4797,315,-177
4798,314,-172
4799,312,-172
4800,307,-172
4801,304,-177
4802,307,-181
4803,310,-178
4804,313,-182
4805,308,-178
4806,313,-173
4807,315,-172
4808,313,-169
4809,308,-170
4810,310,-173
4811,313,-175
4812,310,-171
4813,308,-171
4814,305,-168
4815,305,-172
4816,305,-173
4817,308,-178
4818,305,-181
4819,307,-182
4820,305,-180
4821,302,-175
4822,301,-180
4823,306,-180
4824,310,-179
4825,312,-178
4826,315,-177
4827,315,-173
4828,318,-168
4829,323,-165
4830,324,-162
4831,319,-161
4832,316,-160
4833,318,-158
4834,313,-161
4835,317,-159
4836,312,-154
4837,314,-153
4838,311,-155
4839,306,-157
4840,305,-162
4841,309,-160
4842,306,-160
4843,308,-158
4844,306,-154
4845,301,-155
4846,296,-156
4847,300,-160
4848,301,-165
4849,299,-166
4850,297,-170
4851,300,-169
4852,298,-171
4853,303,-176
4854,302,-179
4855,302,-178
4856,302,-183
4857,303,-178
4858,301,-183
4859,300,-179
4860,303,-184
4861,300,-187
4862,300,-187
4863,297,-192
4864,294,-190
4865,289,-195
4866,291,-196
4867,289,-194
4868,294,-199
4869,293,-203
4870,293,-199
4871,296,-201
4872,294,-200
4873,292,-195
4874,290,-192
4875,285,-197
4876,284,-197
4877,279,-197
4878,274,-195
4879,278,-194
4880,275,-195
4881,274,-194
4882,271,-199
4883,266,-204
4884,264,-208
4885,260,-212
4886,262,-216
4887,265,-216
4888,263,-220
4889,261,-215
4890,265,-214
4891,263,-216
4892,263,-218
4893,258,-220
4894,255,-217
4895,252,-220
4896,251,-222
4897,251,-222
4898,256,-227
4899,256,-228
4900,254,-229
4901,255,-230
4902,253,-231
4903,250,-233
4904,250,-233
4905,254,-233
4906,257,-234
4907,259,-236
4908,255,-237
4909,260,-236
4910,261,-238
4911,265,-233
4912,266,-234
4913,271,-232
4914,273,-227
4915,270,-229
4916,275,-230
4917,275,-233
4918,270,-237
4919,270,-234
4920,270,-236
4921,265,-233
4922,266,-236
4923,261,-238
4924,256,-235
4925,261,-230
4926,257,-235
4927,256,-238
4928,261,-234
4929,260,-234
4930,260,-230
4931,261,-225
4932,256,-230
4933,259,-235
4934,258,-240
4935,261,-244
4936,262,-241
4937,266,-236
4938,264,-237
4939,265,-234
4940,262,-234
4941,263,-232
4942,260,-228
4943,261,-223
4944,257,-225
4945,252,-221
4946,256,-217
4947,252,-221
4948,249,-217
4949,245,-221
4950,248,-222
4951,251,-218
4952,251,-213
4953,246,-212
4954,250,-207
4955,248,-210
4956,245,-209
4957,249,-207
4958,250,-204
4959,254,-203
4960,255,-198
4961,251,-202
4962,248,-200
4963,245,-195
4964,246,-194
4965,242,-196
4966,237,-194
4967,237,-195
4968,236,-193
4969,232,-194
4970,227,-198
4971,225,-193
4972,223,-194
4973,222,-189
4974,221,-191
4975,221,-192
4976,223,-187
4977,221,-189
4978,225,-189
4979,222,-189
4980,227,-189
4981,227,-186
4982,231,-186
4983,236,-182
4984,231,-184
4985,236,-187
4986,231,-182
4987,233,-179
4988,237,-176
4989,233,-174
4990,228,-174
4991,227,-169
4992,230,-173
4993,235,-174
4994,235,-170
4995,235,-166
4996,236,-171
4997,237,-171
4998,235,-168
4999,233,-164
5000,234,-164
5001,232,-163
5002,235,-166
5003,232,-161
5004,236,-166
5005,237,-171
5006,240,-172
5007,245,-174
5008,249,-173
5009,252,-176
5010,253,-174
5011,251,-174
5012,248,-177
5013,251,-178
5014,254,-183
5015,253,-179
5016,249,-179
5017,251,-184
5018,251,-183
5019,248,-179
5020,253,-174
5021,250,-176
5022,255,-180
5023,251,-182
5024,256,-183
5025,251,-183
5026,256,-179
5027,254,-179
5028,254,-177
5029,249,-173
5030,247,-170
5031,250,-167
5032,255,-163
5033,252,-160
5034,252,-161
5035,248,-162
5036,253,-162
5037,258,-164
5038,254,-161
5039,259,-160
5040,263,-156
5041,266,-161
5042,264,-161
5043,265,-156
5044,261,-157
5045,256,-158
5046,255,-159
5047,258,-158
5048,260,-156
5049,262,-153
5050,263,-149
5051,264,-148
5052,265,-152
5053,268,-149
5054,271,-144
5055,268,-141
5056,273,-142
5057,268,-141
5058,269,-136
5059,270,-131
5060,269,-135
5061,270,-137
5062,265,-140
5063,264,-137
5064,264,-136
5065,259,-133
5066,256,-134
5067,253,-137
5068,257,-136
5069,253,-140
5070,250,-137
5071,248,-132
5072,245,-133
5073,248,-135
5074,246,-131
5075,251,-131
5076,251,-126
5077,247,-122
5078,244,-126
5079,248,-129
5080,249,-134
5081,247,-135
5082,248,-133
5083,252,-135
5084,253,-136
5085,252,-133
5086,254,-135
5087,258,-137
5088,260,-142
5089,263,-145
5090,258,-145
5091,257,-146
5092,258,-141
5093,256,-140
5094,259,-140
5095,256,-145
5096,251,-147
5097,252,-143
5098,256,-144
5099,256,-141
5100,257,-139
5101,258,-139
5102,256,-134
5103,252,-134
5104,256,-131
5105,252,-135
5106,253,-137
5107,256,-136
5108,252,-138
5109,247,-133
5110,245,-137
5111,244,-133
5112,239,-137
5113,242,-134
5114,244,-137
5115,246,-138
5116,250,-136
5117,252,-132
5118,253,-137
5119,251,-141
5120,254,-144
5121,257,-145
5122,261,-147
5123,257,-143
5124,259,-144
5125,262,-145
5126,266,-140
5127,267,-139
5128,272,-140
5129,277,-143
5130,275,-142
5131,271,-141
5132,267,-146
5133,265,-142
5134,260,-145
5135,255,-141
5136,260,-144
5137,264,-140
5138,265,-139
5139,269,-144
5140,266,-142
5141,271,-137
5142,266,-133
5143,262,-134
5144,259,-136
5145,260,-136
5146,261,-136
5147,264,-134
5148,265,-133
5149,260,-129
5150,264,-133
5151,261,-137
5152,264,-140
5153,267,-138
5154,267,-143
5155,270,-146
5156,268,-147
5157,270,-144
5158,272,-139
5159,277,-135
5160,278,-135
5161,274,-136
5162,270,-138
5163,271,-136
5164,270,-136
5165,266,-133
5166,271,-137
5167,266,-141
5168,267,-139
5169,267,-142
5170,264,-142
5171,262,-147
5172,267,-149
5173,262,-146
5174,264,-146
5175,268,-149
5176,271,-150
5177,273,-154
5178,270,-153
5179,272,-153
5180,277,-156
5181,280,-155
5182,279,-156
5183,281,-160
5184,276,-165
5185,280,-167
5186,275,-165
5187,276,-168
5188,278,-171
5189,277,-172
5190,275,-173
5191,275,-172
5192,275,-174
5193,277,-170
5194,277,-166
5195,279,-163
5196,276,-166
5197,274,-165
5198,272,-169
5199,273,-169
5200,271,-174
5201,267,-173
5202,268,-178
5203,273,-176
5204,272,-179
5205,273,-178
5206,274,-180
5207,274,-175
5208,269,-176
5209,268,-178
5210,263,-174
5211,260,-171
5212,260,-171
5213,256,-171
5214,252,-167
5215,250,-162
5216,245,-157
5217,246,-153
5218,241,-154
5219,243,-149
5220,248,-151
5221,252,-154
5222,251,-155
5223,246,-159
5224,249,-161
5225,249,-160
5226,245,-161
5227,245,-158
5228,243,-162
5229,240,-167
5230,243,-172
5231,244,-177
5232,240,-181
5233,244,-181
5234,246,-180
5235,241,-179
5236,239,-175
5237,242,-175
5238,241,-172
5239,243,-173
5240,248,-170
5241,244,-171
5242,243,-166
5243,244,-166
5244,245,-162
5245,240,-163
5246,236,-159
5247,238,-161
5248,240,-161
5249,241,-162
5250,240,-159
5251,245,-160
5252,245,-161
5253,244,-163
5254,244,-167
5255,240,-171
5256,242,-175
5257,242,-179
5258,238,-182
5259,240,-183
5260,237,-180
5261,237,-176
5262,235,-172
5263,236,-168
5264,234,-164
5265,239,-168
5266,242,-165
5267,243,-163
5268,242,-163
5269,240,-163
5270,243,-162
5271,246,-158
5272,246,-156
5273,243,-156
5274,241,-161
5275,244,-156
5276,246,-158
5277,248,-163
5278,249,-159
5279,251,-158
5280,249,-156
5281,253,-158
5282,252,-158
5283,252,-161
5284,257,-161
5285,253,-166
5286,248,-169
5287,253,-173
5288,258,-174
5289,255,-170
5290,260,-168
5291,255,-170
5292,253,-174
5293,258,-179
5294,255,-181
5295,256,-183
5296,260,-178
5297,265,-182
5298,268,-182
5299,267,-183
5300,267,-188
5301,263,-192
5302,263,-187
5303,268,-192
5304,265,-188
5305,268,-191
5306,273,-191
5307,269,-193
5308,270,-188
5309,272,-189
5310,271,-187
5311,269,-182
5312,268,-184
5313,269,-187
5314,269,-192
5315,274,-187
5316,270,-192
5317,271,-197
5318,273,-202
5319,274,-197
5320,273,-195
5321,277,-199
5322,279,-203
5323,278,-203
5324,275,-202
5325,276,-197
5326,274,-197
5327,276,-193
5328,276,-192
5329,276,-195
5330,271,-198
5331,272,-198
5332,269,-202
5333,264,-202
5334,260,-199
5335,262,-197
5336,262,-201
5337,263,-205
5338,267,-207
5339,265,-208
5340,270,-208
5341,270,-207
5342,269,-204
5343,269,-205
5344,267,-208
5345,264,-212
5346,267,-215
5347,271,-213
5348,271,-213
5349,273,-209
5350,275,-206
5351,273,-206
5352,273,-205
5353,268,-202
5354,267,-206
5355,267,-201
5356,265,-205
5357,262,-209
5358,264,-204
5359,260,-201
5360,256,-199
5361,254,-202
5362,257,-200
5363,255,-198
5364,260,-194
5365,263,-189
5366,258,-187
5367,258,-190
5368,259,-185
5369,257,-187
5370,258,-185
5371,258,-188
5372,260,-188
5373,262,-193
5374,257,-196
5375,259,-199
5376,263,-202
5377,268,-197
5378,263,-197
5379,259,-201
5380,261,-203
5381,257,-202
5382,261,-204
5383,256,-199
5384,261,-198
5385,266,-202
5386,266,-199
5387,267,-194
5388,263,-191
5389,268,-186
5390,267,-185
5391,269,-189
5392,267,-192
5393,267,-192
5394,263,-187
5395,266,-186
5396,266,-189
5397,261,-192
5398,266,-193
5399,268,-194
5400,269,-198
5401,268,-199
5402,266,-198
5403,271,-194
5404,269,-197
5405,266,-199
5406,266,-197
5407,266,-193
5408,262,-197
5409,264,-195
5410,266,-196
5411,264,-194
5412,262,-191
5413,267,-192
5414,268,-188
5415,270,-190
5416,273,-186
5417,270,-191
5418,273,-192
5419,273,-190
5420,276,-189
5421,279,-184
5422,274,-181
5423,270,-177
5424,273,-182
5425,269,-179
5426,271,-181
5427,271,-180
5428,268,-179
5429,266,-176
5430,265,-173
5431,263,-172
5432,266,-174
5433,266,-172
5434,262,-171
5435,259,-174
5436,258,-173
5437,255,-176
5438,251,-179
5439,248,-177
5440,243,-176
5441,245,-181
5442,245,-183
5443,246,-184
5444,243,-186
5445,244,-186
5446,249,-183
5447,246,-183
5448,241,-187
5449,236,-185
5450,231,-187
5451,229,-190
5452,225,-185
5453,221,-181
5454,224,-176
5455,229,-173
5456,232,-168
5457,232,-173
5458,231,-178
5459,227,-180
5460,222,-183
5461,223,-187
5462,223,-186
5463,224,-186
5464,224,-188
5465,219,-189
5466,218,-186
5467,219,-188
5468,222,-190
5469,224,-192
5470,222,-187
5471,220,-182
5472,218,-178
5473,223,-174
5474,226,-176
5475,231,-174
5476,229,-173
5477,234,-169
5478,238,-165
5479,235,-168
5480,232,-173
5481,232,-173
5482,234,-173
5483,232,-178
5484,236,-179
5485,240,-176
5486,243,-180
5487,243,-185
5488,248,-183
5489,248,-178
5490,245,-178
5491,248,-173
5492,247,-177
5493,242,-172
5494,243,-170
5495,239,-170
5496,234,-169
5497,235,-174
5498,232,-173
5499,234,-176
5500,231,-171
5501,236,-173
5502,241,-171
5503,244,-167
5504,241,-171
5505,239,-171
5506,234,-171
5507,232,-168
5508,230,-171
5509,226,-174
5510,221,-179
5511,221,-184
5512,222,-185
5513,220,-183
5514,219,-178
5515,216,-178
5516,213,-182
5517,212,-177
5518,215,-181
5519,218,-181
5520,217,-180
5521,214,-185
5522,212,-182
5523,208,-180
5524,207,-185
5525,212,-181
5526,207,-176
5527,211,-176
5528,208,-171
5529,210,-168
5530,213,-169
5531,213,-166
5532,213,-170
5533,215,-168
5534,214,-164
5535,219,-169
5536,216,-170
5537,212,-165
5538,214,-167
5539,215,-169
5540,215,-167
5541,220,-163
5542,225,-163
5543,220,-158
5544,218,-153
5545,218,-155
5546,219,-154
5547,218,-153
5548,215,-158
5549,218,-155
5550,221,-159
5551,226,-154
5552,228,-157
5553,226,-160
5554,229,-156
5555,229,-151
5556,227,-148
5557,222,-147
5558,225,-142
5559,221,-147
5560,222,-151
5561,225,-148
5562,223,-149
5563,222,-148
5564,223,-153
5565,219,-157
5566,214,-158
5567,212,-155
5568,213,-152
5569,208,-152
5570,205,-153
5571,202,-148
5572,204,-153
5573,201,-149
5574,202,-145
5575,200,-142
5576,201,-146
5577,200,-149
5578,203,-151
5579,203,-149
5580,198,-153
5581,201,-149
5582,201,-144
5583,199,-147
5584,195,-147
5585,193,-149
5586,192,-147
5587,190,-145
5588,195,-143
5589,200,-139
5590,202,-135
5591,203,-134
5592,198,-132
5593,197,-131
5594,200,-132
5595,198,-132
5596,195,-132
5597,195,-133
5598,193,-132
5599,196,-136
5600,195,-131
5601,198,-130
5602,200,-128
5603,203,-124
5604,201,-129
5605,206,-129
5606,204,-125
5607,200,-122
5608,198,-117
5609,202,-114
5610,205,-118
5611,207,-122
5612,210,-118
5613,206,-120
5614,211,-120
5615,208,-124
5616,207,-126
5617,212,-126
5618,211,-131
5619,216,-136
5620,221,-141
5621,225,-143
5622,228,-147
5623,225,-150
5624,227,-150
5625,230,-146
5626,228,-143
5627,229,-138
5628,225,-136
5629,227,-138
5630,232,-133
5631,236,-130
5632,233,-125
5633,234,-130
5634,233,-125
5635,235,-127
5636,238,-126
5637,238,-131
5638,243,-126
5639,242,-129
5640,243,-132
5641,244,-133
5642,247,-138
5643,250,-138
5644,251,-142
5645,252,-145
5646,257,-142
5647,257,-144
5648,260,-140
5649,259,-142
5650,257,-141
5651,261,-138
5652,260,-139
5653,257,-141
5654,259,-139
5655,257,-139
5656,254,-141
5657,257,-146
5658,254,-144
5659,257,-140
5660,255,-145
5661,254,-148
5662,253,-149
5663,256,-145
5664,256,-148
5665,261,-150
5666,261,-149
5667,261,-154
5668,264,-158
5669,263,-162
5670,265,-164
5671,260,-160
5672,261,-164
5673,260,-167
5674,260,-170
5675,255,-166
5676,260,-168
5677,257,-167
5678,254,-171
5679,258,-167
5680,263,-171
5681,265,-173
5682,262,-171
5683,263,-166
5684,265,-161
5685,266,-164
5686,263,-169
5687,262,-168
5688,264,-170
5689,264,-166
5690,264,-168
5691,267,-169
5692,262,-170
5693,260,-172
5694,256,-171
5695,258,-173
5696,255,-173
5697,257,-175
5698,254,-178
5699,256,-183
5700,254,-188
5701,257,-189
5702,262,-189
5703,263,-188
5704,259,-193
5705,262,-192
5706,258,-190
5707,255,-191
5708,257,-195
5709,253,-197
5710,253,-197
5711,257,-194
5712,255,-190
5713,255,-188
5714,260,-190
5715,255,-191
5716,255,-187
5717,253,-189
5718,257,-192
5719,253,-187
5720,252,-184
5721,251,-183
5722,256,-186
5723,253,-187
5724,253,-183
5725,248,-181
5726,243,-177
5727,248,-172
5728,247,-175
5729,251,-175
5730,255,-172
5731,255,-171
5732,250,-171
5733,253,-167
5734,251,-169
5735,252,-168
5736,254,-172
5737,251,-171
5738,247,-176
5739,243,-181
5740,241,-182
5741,241,-178
5742,236,-180
5743,237,-177
5744,236,-181
5745,233,-186
5746,238,-184
5747,241,-187
5748,241,-187
5749,241,-187
5750,246,-185
5751,245,-182
5752,242,-180
5753,245,-182
5754,241,-179
5755,240,-176
5756,240,-176
5757,236,-174
5758,234,-178
5759,239,-174
5760,238,-179
5761,238,-184
5762,242,-179
5763,243,-178
5764,244,-174
5765,249,-170
5766,244,-166
5767,249,-169
5768,253,-170
5769,251,-169
5770,251,-174
5771,252,-171
5772,252,-172
5773,256,-171
5774,255,-167
5775,250,-167
5776,255,-170
5777,251,-168
5778,255,-173
5779,253,-174
5780,250,-173
5781,248,-168
5782,247,-165
5783,250,-165
5784,253,-164
5785,257,-167
5786,252,-172
5787,252,-174
5788,251,-171
5789,247,-175
5790,243,-174
5791,248,-175
5792,252,-177
5793,257,-173
5794,257,-170
5795,260,-170
5796,260,-169
5797,260,-165
5798,256,-166
5799,253,-163
5800,251,-160
5801,254,-161
5802,257,-166
5803,259,-165
5804,259,-167
5805,255,-167
5806,260,-172
5807,264,-169
5808,259,-170
5809,257,-171
5810,257,-173
5811,259,-174
5812,258,-169
5813,254,-164
5814,257,-161
5815,262,-166
5816,261,-161
5817,261,-156
5818,265,-155
5819,263,-151
5820,267,-151
5821,266,-147
5822,261,-150
5823,266,-154
5824,263,-150
5825,259,-152
5826,259,-152
5827,255,-155
5828,255,-160
5829,254,-158
5830,253,-156
5831,249,-159
5832,253,-154
5833,255,-149
5834,255,-150
5835,256,-151
5836,251,-153
5837,249,-152
5838,246,-149
5839,243,-154
5840,241,-150
5841,243,-153
5842,245,-148
5843,247,-145
5844,246,-145
5845,243,-143
5846,241,-138
5847,244,-139
5848,241,-143
5849,241,-140
5850,240,-138
5851,244,-137
5852,247,-139
5853,243,-144
5854,242,-146
5855,243,-142
5856,240,-145
5857,236,-145
